Name,Price,Picture url,product url
"MUSCLEBLAZE Whey Gold, 100% Whey Protein Isolate, Labdoor USA Certified Whey Protein","10,599",https://rukminim1.flixcart.com/image/416/416/jw5a2kw0/protein-supplement/w/j/m/whey-gold-100-isolate-nut6283-01-muscleblaze-original-imafgw6w4hgsxabu.jpeg?q=70,https://www.flipkart.com/muscleblaze-whey-gold-100-protein-isolate-labdoor-usa-certified/p/itmd0cec98aabbfc?pid=PSLFGW788FG2CWJM&lid=LSTPSLFGW788FG2CWJMB29AHI&marketplace=FLIPKART&q=muscleblaze+whey+protein&store=hlc%2Fetg%2F1rx&srno=s_1_37&otracker=search&fm=organic&iid=d791e902-f5eb-49e0-9aaa-6d3160dae1fd.PSLFGW788FG2CWJM.SEARCH&ppt=None&ppn=None&ssid=molxwo7qdc0000001663394383118&qH=a7a9812079cbe3ef
"MUSCLEBLAZE Whey Gold, 100% Whey Protein Isolate, Labdoor USA Certified Whey Protein","10,599",https://rukminim1.flixcart.com/image/416/416/jw5a2kw0/protein-supplement/w/j/m/whey-gold-100-isolate-nut6283-01-muscleblaze-original-imafgw6w4hgsxabu.jpeg?q=70,https://www.flipkart.com/muscleblaze-whey-gold-100-protein-isolate-labdoor-usa-certified/p/itmd0cec98aabbfc?pid=PSLFGW788FG2CWJM&lid=LSTPSLFGW788FG2CWJMB29AHI&marketplace=FLIPKART&q=muscleblaze+whey+protein&store=hlc%2Fetg%2F1rx&srno=s_1_36&otracker=search&fm=organic&iid=96e1047c-d9cb-4600-beb6-45ab61197d87.PSLFGW788FG2CWJM.SEARCH&ppt=None&ppn=None&ssid=w62hq8iva80000001663394388214&qH=a7a9812079cbe3ef
"MUSCLEBLAZE Biozyme Whey Protein, Informed Choice UK Certified with US Patent Filed EAF Whey Protein","9,499",https://rukminim1.flixcart.com/image/416/416/kdj4xow0/protein-supplement/z/n/z/biozyme-nut6374-08-muscleblaze-original-imafuetdgxjf74u4.jpeg?q=70,https://www.flipkart.com/muscleblaze-biozyme-whey-protein-informed-choice-uk-certified-patent-filed-eaf-protein/p/itm7abab17689ae8?pid=PSLFU9GZRPJBZZNZ&lid=LSTPSLFU9GZRPJBZZNZQ6IVD2&marketplace=FLIPKART&q=muscleblaze+whey+protein&store=hlc%2Fetg%2F1rx&srno=s_2_55&otracker=search&fm=organic&iid=c6e5f737-a423-4981-9a93-3f5adf6ae3c4.PSLFU9GZRPJBZZNZ.SEARCH&ppt=None&ppn=None&ssid=ghq99o3oqo0000001663394386532&qH=a7a9812079cbe3ef
"MUSCLEBLAZE Biozyme Performance Whey, Labdoor USA Cerified, Magical Mango, 4 kg Whey Protein","8,799",https://rukminim1.flixcart.com/image/416/416/l19m93k0/protein-supplement/b/z/g/whey-protein-biozyme-performance-whey-labdoor-usa-cerified-original-imagcvb3ypm8zg6e.jpeg?q=70,https://www.flipkart.com/muscleblaze-biozyme-performance-whey-labdoor-usa-cerified-magical-mango-4-kg-whey-protein/p/itm6ae19e7400e03?pid=PSLGCVB3KGN3WG9Z&lid=LSTPSLGCVB3KGN3WG9ZZXKWLZ&marketplace=FLIPKART&q=muscleblaze+whey+protein&store=hlc%2Fetg%2F1rx&srno=s_2_69&otracker=search&fm=organic&iid=c6e5f737-a423-4981-9a93-3f5adf6ae3c4.PSLGCVB3KGN3WG9Z.SEARCH&ppt=None&ppn=None&ssid=ghq99o3oqo0000001663394386532&qH=a7a9812079cbe3ef
MUSCLEBLAZE Whey Performance Whey Protein,"8,499",https://rukminim1.flixcart.com/image/416/416/k226oi80/protein-supplement/q/h/r/whey-performance-nut5706-05-muscleblaze-original-imafhhrrdguctcnh.jpeg?q=70,https://www.flipkart.com/muscleblaze-whey-performance-protein/p/itmfabrmpy9przph?pid=PSLFABKRKMEHDQHR&lid=LSTPSLFABKRKMEHDQHRZYRY4Z&marketplace=FLIPKART&q=muscleblaze+whey+protein&store=hlc%2Fetg%2F1rx&srno=s_2_49&otracker=search&fm=organic&iid=c6e5f737-a423-4981-9a93-3f5adf6ae3c4.PSLFABKRKMEHDQHR.SEARCH&ppt=None&ppn=None&ssid=ghq99o3oqo0000001663394386532&qH=a7a9812079cbe3ef
"MUSCLEBLAZE Raw Whey Protein Concentrate 80% with Digestive Enzymes, Labdoor USA Certified Whey Protein","6,899",https://rukminim1.flixcart.com/image/416/416/kn4xhu80/protein-supplement/g/k/m/raw-nut4919-01-muscleblaze-original-imagfwycje7jhqwh.jpeg?q=70,https://www.flipkart.com/muscleblaze-raw-whey-protein-concentrate-80-digestive-enzymes-labdoor-usa-certified/p/itmf010e5cf3fc22?pid=PSLEMFHSQJVSHAXR&lid=LSTPSLEMFHSQJVSHAXRDSKPT3&marketplace=FLIPKART&q=muscleblaze+whey+protein&store=hlc%2Fetg%2F1rx&srno=s_2_47&otracker=search&fm=organic&iid=c6e5f737-a423-4981-9a93-3f5adf6ae3c4.PSLEMFHSQJVSHAXR.SEARCH&ppt=None&ppn=None&ssid=ghq99o3oqo0000001663394386532&qH=a7a9812079cbe3ef
"MUSCLEBLAZE Fuel One Whey Protein, 5.29 g BCAA, 4.2 g Glutamic Acid Whey Protein","6,799",https://rukminim1.flixcart.com/image/416/416/kqidx8w0/protein-supplement/v/d/m/fuel-one-whey-protein-24-g-protein-5-29-bcaa-4-21g-glutamic-acid-original-imag4ggbhajhbqgp.jpeg?q=70,https://www.flipkart.com/muscleblaze-fuel-one-whey-protein-5-29-g-bcaa-4-2-glutamic-acid-protein/p/itmf858c87ddc1f2?pid=PSLG4GGB7HZQSNKV&lid=LSTPSLG4GGB7HZQSNKV3YWGDL&marketplace=FLIPKART&q=muscleblaze+whey+protein&store=hlc%2Fetg%2F1rx&srno=s_1_28&otracker=search&fm=organic&iid=d791e902-f5eb-49e0-9aaa-6d3160dae1fd.PSLG4GGB7HZQSNKV.SEARCH&ppt=None&ppn=None&ssid=molxwo7qdc0000001663394383118&qH=a7a9812079cbe3ef
"MUSCLEBLAZE Biozyme Iso-Zero Zero Carb,Informed Choice UK Certified with US Patent Filed EAF Whey Protein","6,799",https://rukminim1.flixcart.com/image/416/416/xif0q/protein-supplement/1/a/9/whey-protein-zero-carb-iso-zero-pure-whey-isolate-nut5357-01-original-imaghfbdaev8dsnk.jpeg?q=70,https://www.flipkart.com/muscleblaze-biozyme-iso-zero-zero-carb-informed-choice-uk-certified-patent-filed-eaf-whey-protein/p/itm03bf4af365708?pid=PSLF23SX4TWUJKRN&lid=LSTPSLF23SX4TWUJKRN4PJ061&marketplace=FLIPKART&q=muscleblaze+whey+protein&store=hlc%2Fetg%2F1rx&srno=s_2_64&otracker=search&fm=organic&iid=c6e5f737-a423-4981-9a93-3f5adf6ae3c4.PSLF23SX4TWUJKRN.SEARCH&ppt=None&ppn=None&ssid=ghq99o3oqo0000001663394386532&qH=a7a9812079cbe3ef
"MUSCLEBLAZE Fuel One Whey Protein, 5.29 g BCAA, 4.2 g Glutamic Acid Whey Protein","6,799",https://rukminim1.flixcart.com/image/416/416/kqidx8w0/protein-supplement/v/d/m/fuel-one-whey-protein-24-g-protein-5-29-bcaa-4-21g-glutamic-acid-original-imag4ggbhajhbqgp.jpeg?q=70,https://www.flipkart.com/muscleblaze-fuel-one-whey-protein-5-29-g-bcaa-4-2-glutamic-acid-protein/p/itmf858c87ddc1f2?pid=PSLG4GGB7HZQSNKV&lid=LSTPSLG4GGB7HZQSNKV3YWGDL&marketplace=FLIPKART&q=muscleblaze+whey+protein&store=hlc%2Fetg%2F1rx&srno=s_1_29&otracker=search&fm=organic&iid=96e1047c-d9cb-4600-beb6-45ab61197d87.PSLG4GGB7HZQSNKV.SEARCH&ppt=None&ppn=None&ssid=w62hq8iva80000001663394388214&qH=a7a9812079cbe3ef
"MUSCLEBLAZE Biozyme Iso-Zero Low Carb (Ice Cream Chocolate, 2 kg / 4.4 lb) Whey Protein","6,799",https://rukminim1.flixcart.com/image/416/416/l2nmnww0/protein-supplement/j/f/b/whey-protein-iso-zero-low-carb-chocolate-2kg-nut5357-03-original-imagdy2vrtbau8mh.jpeg?q=70,https://www.flipkart.com/muscleblaze-biozyme-iso-zero-low-carb-ice-cream-chocolate-2-kg-4-4-lb-whey-protein/p/itmcd0a79606c643?pid=PSLGEYDWE3MYGMKF&lid=LSTPSLGEYDWE3MYGMKFRWNAT8&marketplace=FLIPKART&q=muscleblaze+whey+protein&store=hlc%2Fetg%2F1rx&srno=s_2_56&otracker=search&fm=organic&iid=c6e5f737-a423-4981-9a93-3f5adf6ae3c4.PSLGEYDWE3MYGMKF.SEARCH&ppt=None&ppn=None&ssid=ghq99o3oqo0000001663394386532&qH=a7a9812079cbe3ef
"MUSCLEBLAZE Whey Gold, 100% Whey Protein Isolate, 2 kg with Shaker, 650 ml Whey Protein","6,399",https://rukminim1.flixcart.com/image/416/416/kvifekw0/protein-supplement/s/g/u/whey-protein-gold-with-shaker-labdoor-usa-certified-nut6144-02-original-imag8dzsbwyhuhhr.jpeg?q=70,https://www.flipkart.com/muscleblaze-whey-gold-100-protein-isolate-2-kg-shaker-650-ml/p/itm685fd487d9b1f?pid=PSLFE6FYSCYPGEZC&lid=LSTPSLFE6FYSCYPGEZC8X97WH&marketplace=FLIPKART&q=muscleblaze+whey+protein&store=hlc%2Fetg%2F1rx&srno=s_2_51&otracker=search&fm=organic&iid=c6e5f737-a423-4981-9a93-3f5adf6ae3c4.PSLFE6FYSCYPGEZC.SEARCH&ppt=None&ppn=None&ssid=ghq99o3oqo0000001663394386532&qH=a7a9812079cbe3ef
"MUSCLEBLAZE Whey Gold, 100% Whey Protein Isolate, Labdoor USA Certified Whey Protein","6,299",https://rukminim1.flixcart.com/image/416/416/kp036vk0/protein-supplement/s/t/f/whey-gold-100-whey-isolate-nut5282-03-muscleblaze-original-imag3c58mhy2z4ef.jpeg?q=70,https://www.flipkart.com/muscleblaze-whey-gold-100-protein-isolate-labdoor-usa-certified/p/itmd7b4e2005bb49?pid=PSLEX9DQVGQEJ2J2&lid=LSTPSLEX9DQVGQEJ2J2MATEOM&marketplace=FLIPKART&q=muscleblaze+whey+protein&store=hlc%2Fetg%2F1rx&srno=s_2_78&otracker=search&fm=organic&iid=c6e5f737-a423-4981-9a93-3f5adf6ae3c4.PSLEX9DQVGQEJ2J2.SEARCH&ppt=None&ppn=None&ssid=ghq99o3oqo0000001663394386532&qH=a7a9812079cbe3ef
"MUSCLEBLAZE Whey Gold, 100% Whey Protein Isolate, Labdoor USA Certified Whey Protein","6,299",https://rukminim1.flixcart.com/image/416/416/kp036vk0/protein-supplement/2/n/j/whey-gold-100-whey-isolate-nut5282-01-muscleblaze-original-imag3c54vfsffgbt.jpeg?q=70,https://www.flipkart.com/muscleblaze-whey-gold-100-protein-isolate-labdoor-usa-certified/p/itm9499319ee61c9?pid=PSLETFSCUKRWGKPN&lid=LSTPSLETFSCUKRWGKPNAXMJSU&marketplace=FLIPKART&q=muscleblaze+whey+protein&store=hlc%2Fetg%2F1rx&srno=s_2_66&otracker=search&fm=organic&iid=c6e5f737-a423-4981-9a93-3f5adf6ae3c4.PSLETFSCUKRWGKPN.SEARCH&ppt=None&ppn=None&ssid=ghq99o3oqo0000001663394386532&qH=a7a9812079cbe3ef
"MUSCLEBLAZE Whey Gold, 100% Whey Protein Isolate, Labdoor USA Certified Whey Protein","6,299",https://rukminim1.flixcart.com/image/416/416/jziqhzk0/protein-supplement/6/z/u/whey-gold-100-nut5282-18-muscleblaze-original-imafjgjqfdszfqkq.jpeg?q=70,https://www.flipkart.com/muscleblaze-whey-gold-100-protein-isolate-labdoor-usa-certified/p/itm95f3b3c425233?pid=PSLFJGK5TH89C6ZU&lid=LSTPSLFJGK5TH89C6ZUF47P04&marketplace=FLIPKART&q=muscleblaze+whey+protein&store=hlc%2Fetg%2F1rx&srno=s_2_60&otracker=search&fm=organic&iid=c6e5f737-a423-4981-9a93-3f5adf6ae3c4.PSLFJGK5TH89C6ZU.SEARCH&ppt=None&ppn=None&ssid=ghq99o3oqo0000001663394386532&qH=a7a9812079cbe3ef
"MUSCLEBLAZE Whey Gold, 100% Whey Protein Isolate, Labdoor USA Certified Whey Protein","6,299",https://rukminim1.flixcart.com/image/416/416/k0vbgy80/protein-supplement/x/4/6/whey-gold-100-nut5282-22-muscleblaze-original-imafkknwtzs8vhzy.jpeg?q=70,https://www.flipkart.com/muscleblaze-whey-gold-100-protein-isolate-labdoor-usa-certified/p/itm37bf8031b87cf?pid=PSLFKKG7KECTQX46&lid=LSTPSLFKKG7KECTQX46EQ23BK&marketplace=FLIPKART&q=muscleblaze+whey+protein&store=hlc%2Fetg%2F1rx&srno=s_2_53&otracker=search&fm=organic&iid=c6e5f737-a423-4981-9a93-3f5adf6ae3c4.PSLFKKG7KECTQX46.SEARCH&ppt=None&ppn=None&ssid=ghq99o3oqo0000001663394386532&qH=a7a9812079cbe3ef
MUSCLEBLAZE Raw Whey Isolate 90% with Digestive Enzymes Whey Protein,"5,899",https://rukminim1.flixcart.com/image/416/416/kfzq8i80/protein-supplement/k/n/v/raw-whey-isolate-nut5031-02-muscleblaze-original-imafwb5ue9jh8s7g.jpeg?q=70,https://www.flipkart.com/muscleblaze-raw-whey-isolate-90-digestive-enzymes-protein/p/itm8a174b1d8a338?pid=PSLFWBFYPCDXEKNV&lid=LSTPSLFWBFYPCDXEKNVJ1DYCU&marketplace=FLIPKART&q=muscleblaze+whey+protein&store=hlc%2Fetg%2F1rx&srno=s_1_38&otracker=search&fm=organic&iid=d791e902-f5eb-49e0-9aaa-6d3160dae1fd.PSLFWBFYPCDXEKNV.SEARCH&ppt=None&ppn=None&ssid=molxwo7qdc0000001663394383118&qH=a7a9812079cbe3ef
MUSCLEBLAZE Raw Whey Isolate 90% with Digestive Enzymes Whey Protein,"5,899",https://rukminim1.flixcart.com/image/416/416/kfzq8i80/protein-supplement/k/n/v/raw-whey-isolate-nut5031-02-muscleblaze-original-imafwb5ue9jh8s7g.jpeg?q=70,https://www.flipkart.com/muscleblaze-raw-whey-isolate-90-digestive-enzymes-protein/p/itm8a174b1d8a338?pid=PSLFWBFYPCDXEKNV&lid=LSTPSLFWBFYPCDXEKNVJ1DYCU&marketplace=FLIPKART&q=muscleblaze+whey+protein&store=hlc%2Fetg%2F1rx&srno=s_1_37&otracker=search&fm=organic&iid=96e1047c-d9cb-4600-beb6-45ab61197d87.PSLFWBFYPCDXEKNV.SEARCH&ppt=None&ppn=None&ssid=w62hq8iva80000001663394388214&qH=a7a9812079cbe3ef
"MUSCLEBLAZE Biozyme Whey Protein, Informed Choice UK Certified with US Patent Filed EAF Whey Protein","5,399",https://rukminim1.flixcart.com/image/416/416/kkimfm80/protein-supplement/r/3/u/biozyme-nut6374-03-muscleblaze-original-imafzumfwptpmwxt.jpeg?q=70,https://www.flipkart.com/muscleblaze-biozyme-whey-protein-informed-choice-uk-certified-patent-filed-eaf-protein/p/itm20e844ce0d272?pid=PSLFMMQ3YT9YVP6H&lid=LSTPSLFMMQ3YT9YVP6HS9BEIZ&marketplace=FLIPKART&q=muscleblaze+whey+protein&store=hlc%2Fetg%2F1rx&srno=s_2_72&otracker=search&fm=organic&iid=c6e5f737-a423-4981-9a93-3f5adf6ae3c4.PSLFMMQ3YT9YVP6H.SEARCH&ppt=None&ppn=None&ssid=ghq99o3oqo0000001663394386532&qH=a7a9812079cbe3ef
"MUSCLEBLAZE 100% Whey Protein, Ultra Premium Whey Blend Whey Protein","4,899",https://rukminim1.flixcart.com/image/416/416/kkimfm80/protein-supplement/p/i/n/whey-protein-nut1367-59-muscleblaze-original-imafzuqwushcczn3.jpeg?q=70,https://www.flipkart.com/muscleblaze-100-whey-protein-ultra-premium-blend-protein/p/itme9f18c1f53269?pid=PSLFZUQWJJFTPYFB&lid=LSTPSLFZUQWJJFTPYFBKZNBI0&marketplace=FLIPKART&q=muscleblaze+whey+protein&store=hlc%2Fetg%2F1rx&srno=s_1_40&otracker=search&fm=organic&iid=96e1047c-d9cb-4600-beb6-45ab61197d87.PSLFZUQWJJFTPYFB.SEARCH&ppt=None&ppn=None&ssid=w62hq8iva80000001663394388214&qH=a7a9812079cbe3ef
MUSCLEBLAZE Whey Active Protein Supplement Powder Whey Protein,"4,699",https://rukminim1.flixcart.com/image/416/416/jxkpx8w0/protein-supplement/c/m/7/whey-active-nut2654-21-muscleblaze-original-imafgye6khufpzrb.jpeg?q=70,https://www.flipkart.com/muscleblaze-whey-active-protein-supplement-powder/p/itm0cffb887f9093?pid=PSLEQ75X2S7MCCM7&lid=LSTPSLEQ75X2S7MCCM7JO5IXT&marketplace=FLIPKART&q=muscleblaze+whey+protein&store=hlc%2Fetg%2F1rx&srno=s_2_71&otracker=search&fm=organic&iid=c6e5f737-a423-4981-9a93-3f5adf6ae3c4.PSLEQ75X2S7MCCM7.SEARCH&ppt=None&ppn=None&ssid=ghq99o3oqo0000001663394386532&qH=a7a9812079cbe3ef
MUSCLEBLAZE Whey Performance Whey Protein,"4,699",https://rukminim1.flixcart.com/image/416/416/k226oi80/protein-supplement/h/7/b/whey-performance-nut5706-01-muscleblaze-original-imafhhrr2y8hyjc7.jpeg?q=70,https://www.flipkart.com/muscleblaze-whey-performance-protein/p/itmf6gstft9erm6n?pid=PSLF6GQYVCGE7H7B&lid=LSTPSLF6GQYVCGE7H7BJHTJEC&marketplace=FLIPKART&q=muscleblaze+whey+protein&store=hlc%2Fetg%2F1rx&srno=s_2_70&otracker=search&fm=organic&iid=c6e5f737-a423-4981-9a93-3f5adf6ae3c4.PSLF6GQYVCGE7H7B.SEARCH&ppt=None&ppn=None&ssid=ghq99o3oqo0000001663394386532&qH=a7a9812079cbe3ef
"MUSCLEBLAZE Biozyme Performance Whey Protein, Informed Choice UK Certified Whey Protein","4,649",https://rukminim1.flixcart.com/image/416/416/kn4xhu80/protein-supplement/h/o/s/biozyme-performance-whey-protein-4-4-lb-nut7239-01-muscleblaze-original-imagfvj599nswajz.jpeg?q=70,https://www.flipkart.com/muscleblaze-biozyme-performance-whey-protein-informed-choice-uk-certified-protein/p/itmee06dd60c0178?pid=PSLGFVJ5QHVWVYVV&lid=LSTPSLGFVJ5QHVWVYVVDWCDWJ&marketplace=FLIPKART&q=muscleblaze+whey+protein&store=hlc%2Fetg%2F1rx&srno=s_1_16&otracker=search&fm=organic&iid=d791e902-f5eb-49e0-9aaa-6d3160dae1fd.PSLGFVJ5QHVWVYVV.SEARCH&ppt=None&ppn=None&ssid=molxwo7qdc0000001663394383118&qH=a7a9812079cbe3ef
"MUSCLEBLAZE Biozyme Performance Whey Protein, Informed Choice UK Certified Whey Protein","4,649",https://rukminim1.flixcart.com/image/416/416/kp78e4w0/protein-supplement/j/n/f/biozyme-performance-whey-55-servings-nut7239-05-muscleblaze-original-imag3hqcz2ytguec.jpeg?q=70,https://www.flipkart.com/muscleblaze-biozyme-performance-whey-protein-informed-choice-uk-certified-protein/p/itm98150acdff76f?pid=PSLG3HQCZEVMNZ6H&lid=LSTPSLG3HQCZEVMNZ6H52VEMM&marketplace=FLIPKART&q=muscleblaze+whey+protein&store=hlc%2Fetg%2F1rx&srno=s_2_74&otracker=search&fm=organic&iid=c6e5f737-a423-4981-9a93-3f5adf6ae3c4.PSLG3HQCZEVMNZ6H.SEARCH&ppt=None&ppn=None&ssid=ghq99o3oqo0000001663394386532&qH=a7a9812079cbe3ef
"MUSCLEBLAZE Biozyme Performance Whey Protein, Informed Choice UK Certified Whey Protein","4,649",https://rukminim1.flixcart.com/image/416/416/knqd3m80/protein-supplement/a/4/u/biozyme-performance-whey-protein-4-4-lb-nut7239-03-muscleblaze-original-imag2ce3gkyetmvx.jpeg?q=70,https://www.flipkart.com/muscleblaze-biozyme-performance-whey-protein-informed-choice-uk-certified-protein/p/itma8d601ef27591?pid=PSLG2CE3EJQVVDYH&lid=LSTPSLG2CE3EJQVVDYHMLRE0O&marketplace=FLIPKART&q=muscleblaze+whey+protein&store=hlc%2Fetg%2F1rx&srno=s_1_24&otracker=search&fm=organic&iid=96e1047c-d9cb-4600-beb6-45ab61197d87.PSLG2CE3EJQVVDYH.SEARCH&ppt=None&ppn=None&ssid=w62hq8iva80000001663394388214&qH=a7a9812079cbe3ef
"MUSCLEBLAZE Biozyme Performance Whey Protein, Informed Choice UK Certified Whey Protein","4,649",https://rukminim1.flixcart.com/image/416/416/kn4xhu80/protein-supplement/h/o/s/biozyme-performance-whey-protein-4-4-lb-nut7239-01-muscleblaze-original-imagfvj599nswajz.jpeg?q=70,https://www.flipkart.com/muscleblaze-biozyme-performance-whey-protein-informed-choice-uk-certified-protein/p/itmee06dd60c0178?pid=PSLGFVJ5QHVWVYVV&lid=LSTPSLGFVJ5QHVWVYVVDWCDWJ&marketplace=FLIPKART&q=muscleblaze+whey+protein&store=hlc%2Fetg%2F1rx&srno=s_1_16&otracker=search&fm=organic&iid=96e1047c-d9cb-4600-beb6-45ab61197d87.PSLGFVJ5QHVWVYVV.SEARCH&ppt=None&ppn=None&ssid=w62hq8iva80000001663394388214&qH=a7a9812079cbe3ef
"MUSCLEBLAZE Biozyme Performance Whey Protein, Informed Choice UK Whey Protein","4,649",https://rukminim1.flixcart.com/image/416/416/xif0q/protein-supplement/n/6/m/whey-protein-biozyme-performance-whey-protein-informed-choice-uk-original-imaggjz6hvzzpxvr.jpeg?q=70,https://www.flipkart.com/muscleblaze-biozyme-performance-whey-protein-informed-choice-uk-protein/p/itmb6346084c9412?pid=PSLGGJZ7VBF9PDFG&lid=LSTPSLGGJZ7VBF9PDFG3RM3XQ&marketplace=FLIPKART&q=muscleblaze+whey+protein&store=hlc%2Fetg%2F1rx&srno=s_2_50&otracker=search&fm=organic&iid=c6e5f737-a423-4981-9a93-3f5adf6ae3c4.PSLGGJZ7VBF9PDFG.SEARCH&ppt=None&ppn=None&ssid=ghq99o3oqo0000001663394386532&qH=a7a9812079cbe3ef
"MUSCLEBLAZE Biozyme Performance Whey Protein, Informed Choice UK Certified Whey Protein","4,649",https://rukminim1.flixcart.com/image/416/416/knqd3m80/protein-supplement/a/4/u/biozyme-performance-whey-protein-4-4-lb-nut7239-03-muscleblaze-original-imag2ce3gkyetmvx.jpeg?q=70,https://www.flipkart.com/muscleblaze-biozyme-performance-whey-protein-informed-choice-uk-certified-protein/p/itma8d601ef27591?pid=PSLG2CE3EJQVVDYH&lid=LSTPSLG2CE3EJQVVDYHMLRE0O&marketplace=FLIPKART&q=muscleblaze+whey+protein&store=hlc%2Fetg%2F1rx&srno=s_1_24&otracker=search&fm=organic&iid=d791e902-f5eb-49e0-9aaa-6d3160dae1fd.PSLG2CE3EJQVVDYH.SEARCH&ppt=None&ppn=None&ssid=molxwo7qdc0000001663394383118&qH=a7a9812079cbe3ef
"MUSCLEBLAZE Biozyme Performance Whey Protein, Informed Choice UK Certified Whey Protein","4,049",https://rukminim1.flixcart.com/image/416/416/kyj0vbk0/protein-supplement/r/2/c/whey-protein-biozyme-performance-whey-protein-triple-chocolate-1-original-imagaqj4aqpvar3e.jpeg?q=70,https://www.flipkart.com/muscleblaze-biozyme-performance-whey-protein-informed-choice-uk-certified-protein/p/itm924af8e929796?pid=PSLGAQJ4NGFDZT2A&lid=LSTPSLGAQJ4NGFDZT2A80OMS8&marketplace=FLIPKART&q=muscleblaze+whey+protein&store=hlc%2Fetg%2F1rx&srno=s_2_73&otracker=search&fm=organic&iid=c6e5f737-a423-4981-9a93-3f5adf6ae3c4.PSLGAQJ4NGFDZT2A.SEARCH&ppt=None&ppn=None&ssid=ghq99o3oqo0000001663394386532&qH=a7a9812079cbe3ef
"MUSCLEBLAZE Biozyme Performance Whey Protein, Informed Choice UK Certified Whey Protein","4,049",https://rukminim1.flixcart.com/image/416/416/kyhlfgw0/protein-supplement/x/s/8/whey-protein-biozyme-performance-whey-labdoor-usa-certified-rich-original-imagapp7auvvmaff.jpeg?q=70,https://www.flipkart.com/muscleblaze-biozyme-performance-whey-protein-informed-choice-uk-certified-protein/p/itm89ba1aecbecdf?pid=PSLGAPP7M3ZJVFXK&lid=LSTPSLGAPP7M3ZJVFXKN9IX1E&marketplace=FLIPKART&q=muscleblaze+whey+protein&store=hlc%2Fetg%2F1rx&srno=s_2_57&otracker=search&fm=organic&iid=c6e5f737-a423-4981-9a93-3f5adf6ae3c4.PSLGAPP7M3ZJVFXK.SEARCH&ppt=None&ppn=None&ssid=ghq99o3oqo0000001663394386532&qH=a7a9812079cbe3ef
"MUSCLEBLAZE Fuel One Whey Protein, 5.29 g BCAA, 4.2 g Glutamic Acid Whey Protein","3,599",https://rukminim1.flixcart.com/image/416/416/l37mtu80/protein-supplement/d/l/4/whey-protein-fuel-one-whey-protein-immunity-nut6557-04-original-imagedmpb2zcwsvs.jpeg?q=70,https://www.flipkart.com/muscleblaze-fuel-one-whey-protein-5-29-g-bcaa-4-2-glutamic-acid-protein/p/itmd77a32d0451db?pid=PSLFWHDF2ZNG6KST&lid=LSTPSLFWHDF2ZNG6KSTMXKEUW&marketplace=FLIPKART&q=muscleblaze+whey+protein&store=hlc%2Fetg%2F1rx&srno=s_1_34&otracker=search&fm=organic&iid=d791e902-f5eb-49e0-9aaa-6d3160dae1fd.PSLFWHDF2ZNG6KST.SEARCH&ppt=None&ppn=None&ssid=molxwo7qdc0000001663394383118&qH=a7a9812079cbe3ef
"MUSCLEBLAZE Fuel One Whey Protein, 5.29 g BCAA, 4.2 g Glutamic Acid Whey Protein","3,599",https://rukminim1.flixcart.com/image/416/416/l37mtu80/protein-supplement/d/l/4/whey-protein-fuel-one-whey-protein-immunity-nut6557-04-original-imagedmpb2zcwsvs.jpeg?q=70,https://www.flipkart.com/muscleblaze-fuel-one-whey-protein-5-29-g-bcaa-4-2-glutamic-acid-protein/p/itmd77a32d0451db?pid=PSLFWHDF2ZNG6KST&lid=LSTPSLFWHDF2ZNG6KSTMXKEUW&marketplace=FLIPKART&q=muscleblaze+whey+protein&store=hlc%2Fetg%2F1rx&srno=s_1_27&otracker=search&fm=organic&iid=96e1047c-d9cb-4600-beb6-45ab61197d87.PSLFWHDF2ZNG6KST.SEARCH&ppt=None&ppn=None&ssid=w62hq8iva80000001663394388214&qH=a7a9812079cbe3ef
"MUSCLEBLAZE Biozyme Iso-Zero Low Carb, Informed Choice UK Certified Whey Protein","3,449",https://rukminim1.flixcart.com/image/416/416/xif0q/protein-supplement/m/1/m/whey-protein-iso-zero-low-carb-chocolate-1kg-nut5357-04-original-imaggf2vyud6ehfb.jpeg?q=70,https://www.flipkart.com/muscleblaze-biozyme-iso-zero-low-carb-informed-choice-uk-certified-whey-protein/p/itm0c759238ffdd0?pid=PSLF78BZ6ANQCAPS&lid=LSTPSLF78BZ6ANQCAPS3GQBLS&marketplace=FLIPKART&q=muscleblaze+whey+protein&store=hlc%2Fetg%2F1rx&srno=s_1_39&otracker=search&fm=organic&iid=96e1047c-d9cb-4600-beb6-45ab61197d87.PSLF78BZ6ANQCAPS.SEARCH&ppt=None&ppn=None&ssid=w62hq8iva80000001663394388214&qH=a7a9812079cbe3ef
"MUSCLEBLAZE Whey Gold, 100% Whey Protein Isolate, 1 kg with Shaker, 650 ml Whey Protein","3,349",https://rukminim1.flixcart.com/image/416/416/kvifekw0/protein-supplement/i/a/6/whey-protein-gold-with-shaker-labdoor-usa-certified-nut6144-01-original-imag8dzr4czbqhar.jpeg?q=70,https://www.flipkart.com/muscleblaze-whey-gold-100-protein-isolate-1-kg-shaker-650-ml/p/itm6c141502ff419?pid=PSLFE6FVNVFPXZHF&lid=LSTPSLFE6FVNVFPXZHFMQE8NZ&marketplace=FLIPKART&q=muscleblaze+whey+protein&store=hlc%2Fetg%2F1rx&srno=s_2_62&otracker=search&fm=organic&iid=c6e5f737-a423-4981-9a93-3f5adf6ae3c4.PSLFE6FVNVFPXZHF.SEARCH&ppt=None&ppn=None&ssid=ghq99o3oqo0000001663394386532&qH=a7a9812079cbe3ef
"MUSCLEBLAZE Biozyme Whey Protein, Informed Choice UK Certified with US Patent Filed EAF Whey Protein","2,999",https://rukminim1.flixcart.com/image/416/416/kkimfm80/protein-supplement/z/9/k/biozyme-nut6374-02-muscleblaze-original-imafzumffnzwpucs.jpeg?q=70,https://www.flipkart.com/muscleblaze-biozyme-whey-protein-informed-choice-uk-certified-patent-filed-eaf-protein/p/itm987e06a8405c9?pid=PSLFM7F924WQPJYM&lid=LSTPSLFM7F924WQPJYMUEJXZW&marketplace=FLIPKART&q=muscleblaze+whey+protein&store=hlc%2Fetg%2F1rx&srno=s_2_75&otracker=search&fm=organic&iid=c6e5f737-a423-4981-9a93-3f5adf6ae3c4.PSLFM7F924WQPJYM.SEARCH&ppt=None&ppn=None&ssid=ghq99o3oqo0000001663394386532&qH=a7a9812079cbe3ef
MUSCLEBLAZE Raw Whey Isolate 90% with Digestive Enzymes Whey Protein,"2,999",https://rukminim1.flixcart.com/image/416/416/kiew3gw0/protein-supplement/n/f/r/raw-isolate-nut5031-01-muscleblaze-original-imafy7azpcfa3gzm.jpeg?q=70,https://www.flipkart.com/muscleblaze-raw-whey-isolate-90-digestive-enzymes-protein/p/itmdb820e02f2885?pid=PSLEPKW8THM2XNFR&lid=LSTPSLEPKW8THM2XNFRYIZAS4&marketplace=FLIPKART&q=muscleblaze+whey+protein&store=hlc%2Fetg%2F1rx&srno=s_2_68&otracker=search&fm=organic&iid=c6e5f737-a423-4981-9a93-3f5adf6ae3c4.PSLEPKW8THM2XNFR.SEARCH&ppt=None&ppn=None&ssid=ghq99o3oqo0000001663394386532&qH=a7a9812079cbe3ef
"MUSCLEBLAZE Biozyme Performance Whey Protein, 1 kg with Creatine Monohydrate, 100 g Whey Protein","2,948",https://rukminim1.flixcart.com/image/416/416/ku2zjww0/protein-supplement/5/o/c/whey-protein-biozyme-performance-whey-labdoor-usa-certified-with-original-imag7adggmb98yfg.jpeg?q=70,https://www.flipkart.com/muscleblaze-biozyme-performance-whey-protein-1-kg-creatine-monohydrate-100-g-protein/p/itmcc4a73d7b55fc?pid=PSLG7B6FZQFZFWKY&lid=LSTPSLG7B6FZQFZFWKYCCPCHZ&marketplace=FLIPKART&q=muscleblaze+whey+protein&store=hlc%2Fetg%2F1rx&srno=s_1_1&otracker=search&fm=organic&iid=en_5DItV4%2FQc842x1KmYWAmvpwzR%2BZXpUY87EZpY%2F3WoiO8P1nKCCo2iEH%2FG3OBVk12eFf%2F1kOQgTug4DSwjvYlNA%3D%3D&ppt=None&ppn=None&ssid=molxwo7qdc0000001663394383118&qH=a7a9812079cbe3ef
"MUSCLEBLAZE Biozyme Performance Whey Protein, 1 kg with Creatine Monohydrate, 100 g Whey Protein","2,948",https://rukminim1.flixcart.com/image/416/416/ku2zjww0/protein-supplement/5/o/c/whey-protein-biozyme-performance-whey-labdoor-usa-certified-with-original-imag7adggmb98yfg.jpeg?q=70,https://www.flipkart.com/muscleblaze-biozyme-performance-whey-protein-1-kg-creatine-monohydrate-100-g-protein/p/itmcc4a73d7b55fc?pid=PSLG7B6FZQFZFWKY&lid=LSTPSLG7B6FZQFZFWKYCCPCHZ&marketplace=FLIPKART&q=muscleblaze+whey+protein&store=hlc%2Fetg%2F1rx&srno=s_1_1&otracker=search&fm=organic&iid=en_a1FkLV%2B51C9fWspij29wcTdOzuYiix8%2B%2B%2FMsFzTPLAunktG2d%2FHd8tohwma8MgqWeFf%2F1kOQgTug4DSwjvYlNA%3D%3D&ppt=None&ppn=None&ssid=w62hq8iva80000001663394388214&qH=a7a9812079cbe3ef
"MUSCLEBLAZE Biozyme Performance Whey Protein, 1 kg with Creatine Monohydrate, 100 g Whey Protein","2,948",https://rukminim1.flixcart.com/image/416/416/ku2zjww0/protein-supplement/5/o/c/whey-protein-biozyme-performance-whey-labdoor-usa-certified-with-original-imag7adggmb98yfg.jpeg?q=70,https://www.flipkart.com/muscleblaze-biozyme-performance-whey-protein-1-kg-creatine-monohydrate-100-g-protein/p/itmcc4a73d7b55fc?pid=PSLG7B6FZQFZFWKY&lid=LSTPSLG7B6FZQFZFWKYCCPCHZ&marketplace=FLIPKART&q=muscleblaze+whey+protein&store=hlc%2Fetg%2F1rx&srno=s_2_44&otracker=search&fm=organic&iid=en_41zfuVeHTslzjCR5UmyIWDhM%2Fj7wC3FXsy7VkenbStSVTxYzietqTgMoBovtgeX8eFf%2F1kOQgTug4DSwjvYlNA%3D%3D&ppt=None&ppn=None&ssid=ghq99o3oqo0000001663394386532&qH=a7a9812079cbe3ef
"MUSCLEBLAZE Raw Whey Protein Concentrate 80% with Digestive Enzymes, Labdoor USA Certified Whey Protein","2,879",https://rukminim1.flixcart.com/image/416/416/jw2f6vk0/protein-supplement/q/h/g/raw-nut4919-03-muscleblaze-original-imafgtqqdexdvfrt.jpeg?q=70,https://www.flipkart.com/muscleblaze-raw-whey-protein-concentrate-80-digestive-enzymes-labdoor-usa-certified/p/itm86025195cef71?pid=PSLF23XUYDWAJQHG&lid=LSTPSLF23XUYDWAJQHGUH6DNT&marketplace=FLIPKART&q=muscleblaze+whey+protein&store=hlc%2Fetg%2F1rx&srno=s_1_5&otracker=search&fm=organic&iid=96e1047c-d9cb-4600-beb6-45ab61197d87.PSLF23XUYDWAJQHG.SEARCH&ppt=None&ppn=None&ssid=w62hq8iva80000001663394388214&qH=a7a9812079cbe3ef
"MUSCLEBLAZE Raw Whey Protein Concentrate 80% with Digestive Enzymes, Labdoor USA Certified Whey Protein","2,879",https://rukminim1.flixcart.com/image/416/416/jw2f6vk0/protein-supplement/q/h/g/raw-nut4919-03-muscleblaze-original-imafgtqqdexdvfrt.jpeg?q=70,https://www.flipkart.com/muscleblaze-raw-whey-protein-concentrate-80-digestive-enzymes-labdoor-usa-certified/p/itm86025195cef71?pid=PSLF23XUYDWAJQHG&lid=LSTPSLF23XUYDWAJQHGUH6DNT&marketplace=FLIPKART&q=muscleblaze+whey+protein&store=hlc%2Fetg%2F1rx&srno=s_1_5&otracker=search&fm=organic&iid=d791e902-f5eb-49e0-9aaa-6d3160dae1fd.PSLF23XUYDWAJQHG.SEARCH&ppt=None&ppn=None&ssid=molxwo7qdc0000001663394383118&qH=a7a9812079cbe3ef
MUSCLEBLAZE Whey Energy with Whey & Multivitamins Blend Whey Protein,"2,699",https://rukminim1.flixcart.com/image/416/416/l572ufk0/protein-supplement/8/7/8/whey-protein-whey-energy-with-digezyme-nut5183-01-muscleblaze-original-imagfxd9yyrj3dnm.jpeg?q=70,https://www.flipkart.com/muscleblaze-whey-energy-multivitamins-blend-protein/p/itmda26308d87649?pid=PSLERGUYC4UNKHKG&lid=LSTPSLERGUYC4UNKHKGGLEAKX&marketplace=FLIPKART&q=muscleblaze+whey+protein&store=hlc%2Fetg%2F1rx&srno=s_1_12&otracker=search&fm=organic&iid=d791e902-f5eb-49e0-9aaa-6d3160dae1fd.PSLERGUYC4UNKHKG.SEARCH&ppt=None&ppn=None&ssid=molxwo7qdc0000001663394383118&qH=a7a9812079cbe3ef
MUSCLEBLAZE Whey Energy with Whey & Multivitamins Blend Whey Protein,"2,699",https://rukminim1.flixcart.com/image/416/416/l572ufk0/protein-supplement/8/7/8/whey-protein-whey-energy-with-digezyme-nut5183-01-muscleblaze-original-imagfxd9yyrj3dnm.jpeg?q=70,https://www.flipkart.com/muscleblaze-whey-energy-multivitamins-blend-protein/p/itmda26308d87649?pid=PSLERGUYC4UNKHKG&lid=LSTPSLERGUYC4UNKHKGGLEAKX&marketplace=FLIPKART&q=muscleblaze+whey+protein&store=hlc%2Fetg%2F1rx&srno=s_1_12&otracker=search&fm=organic&iid=96e1047c-d9cb-4600-beb6-45ab61197d87.PSLERGUYC4UNKHKG.SEARCH&ppt=None&ppn=None&ssid=w62hq8iva80000001663394388214&qH=a7a9812079cbe3ef
MUSCLEBLAZE Whey Gold 100% Whey Isolate Whey Protein,"2,624",https://rukminim1.flixcart.com/image/416/416/kovsvbk0/protein-supplement/k/q/h/whey-gold-100-whey-isolate-nut5282-04-muscleblaze-original-imag38kkdvdggq9g.jpeg?q=70,https://www.flipkart.com/muscleblaze-whey-gold-100-isolate-protein/p/itmf53ndvxtavnnr?pid=PSLF53HYYUK7QCXF&lid=LSTPSLF53HYYUK7QCXFJ0ZZNH&marketplace=FLIPKART&q=muscleblaze+whey+protein&store=hlc%2Fetg%2F1rx&srno=s_1_13&otracker=search&fm=organic&iid=d791e902-f5eb-49e0-9aaa-6d3160dae1fd.PSLF53HYYUK7QCXF.SEARCH&ppt=None&ppn=None&ssid=molxwo7qdc0000001663394383118&qH=a7a9812079cbe3ef
MUSCLEBLAZE Whey Gold 100% Whey Isolate Whey Protein,"2,624",https://rukminim1.flixcart.com/image/416/416/kovsvbk0/protein-supplement/k/q/h/whey-gold-100-whey-isolate-nut5282-04-muscleblaze-original-imag38kkdvdggq9g.jpeg?q=70,https://www.flipkart.com/muscleblaze-whey-gold-100-isolate-protein/p/itmf53ndvxtavnnr?pid=PSLF53HYYUK7QCXF&lid=LSTPSLF53HYYUK7QCXFJ0ZZNH&marketplace=FLIPKART&q=muscleblaze+whey+protein&store=hlc%2Fetg%2F1rx&srno=s_1_13&otracker=search&fm=organic&iid=96e1047c-d9cb-4600-beb6-45ab61197d87.PSLF53HYYUK7QCXF.SEARCH&ppt=None&ppn=None&ssid=w62hq8iva80000001663394388214&qH=a7a9812079cbe3ef
"MUSCLEBLAZE 100% Whey Protein, Ultra Premium Whey Blend Whey Protein","2,599",https://rukminim1.flixcart.com/image/416/416/k1dw70w0/protein-supplement/n/k/n/100-ultra-premium-nut1367-34-muscleblaze-original-imafkzfcbqbjrhc3.jpeg?q=70,https://www.flipkart.com/muscleblaze-100-whey-protein-ultra-premium-blend-protein/p/itma34f7387c93eb?pid=PSLEJXFNTBAKTNKN&lid=LSTPSLEJXFNTBAKTNKNHMP81F&marketplace=FLIPKART&q=muscleblaze+whey+protein&store=hlc%2Fetg%2F1rx&srno=s_1_20&otracker=search&fm=organic&iid=d791e902-f5eb-49e0-9aaa-6d3160dae1fd.PSLEJXFNTBAKTNKN.SEARCH&ppt=None&ppn=None&ssid=molxwo7qdc0000001663394383118&qH=a7a9812079cbe3ef
MUSCLEBLAZE Whey Performance Whey Protein,"2,599",https://rukminim1.flixcart.com/image/416/416/k226oi80/protein-supplement/z/v/x/whey-performance-nut5706-02-muscleblaze-original-imafhhrrvxxrnk33.jpeg?q=70,https://www.flipkart.com/muscleblaze-whey-performance-protein/p/itmf6gstsgt6n3mh?pid=PSLF6GQYYNPJ2ZVX&lid=LSTPSLF6GQYYNPJ2ZVXUCVT0X&marketplace=FLIPKART&q=muscleblaze+whey+protein&store=hlc%2Fetg%2F1rx&srno=s_2_67&otracker=search&fm=organic&iid=c6e5f737-a423-4981-9a93-3f5adf6ae3c4.PSLF6GQYYNPJ2ZVX.SEARCH&ppt=None&ppn=None&ssid=ghq99o3oqo0000001663394386532&qH=a7a9812079cbe3ef
"MUSCLEBLAZE 100% Whey Protein, Ultra Premium Whey Blend Whey Protein","2,599",https://rukminim1.flixcart.com/image/416/416/k1dw70w0/protein-supplement/n/k/n/100-ultra-premium-nut1367-34-muscleblaze-original-imafkzfcbqbjrhc3.jpeg?q=70,https://www.flipkart.com/muscleblaze-100-whey-protein-ultra-premium-blend-protein/p/itma34f7387c93eb?pid=PSLEJXFNTBAKTNKN&lid=LSTPSLEJXFNTBAKTNKNHMP81F&marketplace=FLIPKART&q=muscleblaze+whey+protein&store=hlc%2Fetg%2F1rx&srno=s_1_20&otracker=search&fm=organic&iid=96e1047c-d9cb-4600-beb6-45ab61197d87.PSLEJXFNTBAKTNKN.SEARCH&ppt=None&ppn=None&ssid=w62hq8iva80000001663394388214&qH=a7a9812079cbe3ef
"MUSCLEBLAZE Super Gainer XXL, For Muscle Mass Gain, 3 kg with Shaker, 650 ml Whey Protein","2,549",https://rukminim1.flixcart.com/image/416/416/ku2zjww0/protein-supplement/f/a/k/whey-protein-super-gainer-xxl-for-muscle-mass-gain-with-shaker-original-imag7ahdmp9j7pfp.jpeg?q=70,https://www.flipkart.com/muscleblaze-super-gainer-xxl-muscle-mass-gain-3-kg-shaker-650-ml-whey-protein/p/itm8dc065175ad60?pid=PSLG7AHDDHYBCEYG&lid=LSTPSLG7AHDDHYBCEYGUXSKQE&marketplace=FLIPKART&q=muscleblaze+whey+protein&store=hlc%2Fetg%2F1rx&srno=s_1_14&otracker=search&fm=organic&iid=d791e902-f5eb-49e0-9aaa-6d3160dae1fd.PSLG7AHDDHYBCEYG.SEARCH&ppt=None&ppn=None&ssid=molxwo7qdc0000001663394383118&qH=a7a9812079cbe3ef
"MUSCLEBLAZE Biozyme Performance Whey Protein, 1 kg with Shaker, 650 ml Whey Protein","2,549",https://rukminim1.flixcart.com/image/416/416/ku2zjww0/protein-supplement/i/x/h/whey-protein-biozyme-performance-whey-labdoor-usa-certified-with-original-imag7adqevvtkvcz.jpeg?q=70,https://www.flipkart.com/muscleblaze-biozyme-performance-whey-protein-1-kg-shaker-650-ml-protein/p/itm8397815b090e1?pid=PSLG7AEMG4F9H4QZ&lid=LSTPSLG7AEMG4F9H4QZ4KZUUP&marketplace=FLIPKART&q=muscleblaze+whey+protein&store=hlc%2Fetg%2F1rx&srno=s_1_36&otracker=search&fm=organic&iid=d791e902-f5eb-49e0-9aaa-6d3160dae1fd.PSLG7AEMG4F9H4QZ.SEARCH&ppt=None&ppn=None&ssid=molxwo7qdc0000001663394383118&qH=a7a9812079cbe3ef
MUSCLEBLAZE Whey Active Protein Supplement Powder Whey Protein,"2,549",https://rukminim1.flixcart.com/image/416/416/jxkpx8w0/protein-supplement/n/c/g/whey-active-nut2654-20-muscleblaze-original-imaf7g7ggch7esez.jpeg?q=70,https://www.flipkart.com/muscleblaze-whey-active-protein-supplement-powder/p/itme89cff3359417?pid=PSLEQ2V83GJ7XNCG&lid=LSTPSLEQ2V83GJ7XNCGQBGVYZ&marketplace=FLIPKART&q=muscleblaze+whey+protein&store=hlc%2Fetg%2F1rx&srno=s_2_79&otracker=search&fm=organic&iid=c6e5f737-a423-4981-9a93-3f5adf6ae3c4.PSLEQ2V83GJ7XNCG.SEARCH&ppt=None&ppn=None&ssid=ghq99o3oqo0000001663394386532&qH=a7a9812079cbe3ef
"MUSCLEBLAZE Biozyme Performance Whey Protein, 1 kg with Shaker, 650 ml Whey Protein","2,549",https://rukminim1.flixcart.com/image/416/416/ku2zjww0/protein-supplement/i/x/h/whey-protein-biozyme-performance-whey-labdoor-usa-certified-with-original-imag7adqevvtkvcz.jpeg?q=70,https://www.flipkart.com/muscleblaze-biozyme-performance-whey-protein-1-kg-shaker-650-ml-protein/p/itm8397815b090e1?pid=PSLG7AEMG4F9H4QZ&lid=LSTPSLG7AEMG4F9H4QZ4KZUUP&marketplace=FLIPKART&q=muscleblaze+whey+protein&store=hlc%2Fetg%2F1rx&srno=s_1_35&otracker=search&fm=organic&iid=96e1047c-d9cb-4600-beb6-45ab61197d87.PSLG7AEMG4F9H4QZ.SEARCH&ppt=None&ppn=None&ssid=w62hq8iva80000001663394388214&qH=a7a9812079cbe3ef
"MUSCLEBLAZE Super Gainer XXL, For Muscle Mass Gain, 3 kg with Shaker, 650 ml Whey Protein","2,549",https://rukminim1.flixcart.com/image/416/416/ku2zjww0/protein-supplement/f/a/k/whey-protein-super-gainer-xxl-for-muscle-mass-gain-with-shaker-original-imag7ahdmp9j7pfp.jpeg?q=70,https://www.flipkart.com/muscleblaze-super-gainer-xxl-muscle-mass-gain-3-kg-shaker-650-ml-whey-protein/p/itm8dc065175ad60?pid=PSLG7AHDDHYBCEYG&lid=LSTPSLG7AHDDHYBCEYGUXSKQE&marketplace=FLIPKART&q=muscleblaze+whey+protein&store=hlc%2Fetg%2F1rx&srno=s_1_14&otracker=search&fm=organic&iid=96e1047c-d9cb-4600-beb6-45ab61197d87.PSLG7AHDDHYBCEYG.SEARCH&ppt=None&ppn=None&ssid=w62hq8iva80000001663394388214&qH=a7a9812079cbe3ef
"MUSCLEBLAZE Biozyme Performance Whey Protein, Informed Choice UK Certified Whey Protein","2,449",https://rukminim1.flixcart.com/image/416/416/kn22m4w0/protein-supplement/l/m/x/biozyme-performance-whey-protein-2-2-lb-nut7239-02-muscleblaze-original-imagfsy3dw6gyk68.jpeg?q=70,https://www.flipkart.com/muscleblaze-biozyme-performance-whey-protein-informed-choice-uk-certified-protein/p/itm8a0fcba76f3b0?pid=PSLGFSY3FKSMGZVZ&lid=LSTPSLGFSY3FKSMGZVZKWXELC&marketplace=FLIPKART&q=muscleblaze+whey+protein&store=hlc%2Fetg%2F1rx&srno=s_1_15&otracker=search&fm=organic&iid=d791e902-f5eb-49e0-9aaa-6d3160dae1fd.PSLGFSY3FKSMGZVZ.SEARCH&ppt=None&ppn=None&ssid=molxwo7qdc0000001663394383118&qH=a7a9812079cbe3ef
"MUSCLEBLAZE Biozyme Performance Whey Protein, Informed Choice UK Certified Whey Protein","2,449",https://rukminim1.flixcart.com/image/416/416/ko382a80/protein-supplement/q/y/r/biozyme-performance-whey-protein-magical-mango-1-kg-2-2-lb-original-imag2mhhccmfyz7m.jpeg?q=70,https://www.flipkart.com/muscleblaze-biozyme-performance-whey-protein-informed-choice-uk-certified-protein/p/itm3cb21de5c08cd?pid=PSLG2MHNEWYCGVQM&lid=LSTPSLG2MHNEWYCGVQMOZQ9JP&marketplace=FLIPKART&q=muscleblaze+whey+protein&store=hlc%2Fetg%2F1rx&srno=s_1_22&otracker=search&fm=organic&iid=96e1047c-d9cb-4600-beb6-45ab61197d87.PSLG2MHNEWYCGVQM.SEARCH&ppt=None&ppn=None&ssid=w62hq8iva80000001663394388214&qH=a7a9812079cbe3ef
"MUSCLEBLAZE Biozyme Performance Whey Protein, Informed Choice UK Certified Whey Protein","2,449",https://rukminim1.flixcart.com/image/416/416/kn22m4w0/protein-supplement/l/m/x/biozyme-performance-whey-protein-2-2-lb-nut7239-02-muscleblaze-original-imagfsy3dw6gyk68.jpeg?q=70,https://www.flipkart.com/muscleblaze-biozyme-performance-whey-protein-informed-choice-uk-certified-protein/p/itm8a0fcba76f3b0?pid=PSLGFSY3FKSMGZVZ&lid=LSTPSLGFSY3FKSMGZVZKWXELC&marketplace=FLIPKART&q=muscleblaze+whey+protein&store=hlc%2Fetg%2F1rx&srno=s_1_15&otracker=search&fm=organic&iid=96e1047c-d9cb-4600-beb6-45ab61197d87.PSLGFSY3FKSMGZVZ.SEARCH&ppt=None&ppn=None&ssid=w62hq8iva80000001663394388214&qH=a7a9812079cbe3ef
"MUSCLEBLAZE Biozyme Performance Whey Protein, Informed Choice UK Certified Whey Protein","2,449",https://rukminim1.flixcart.com/image/416/416/ko382a80/protein-supplement/q/y/r/biozyme-performance-whey-protein-magical-mango-1-kg-2-2-lb-original-imag2mhhccmfyz7m.jpeg?q=70,https://www.flipkart.com/muscleblaze-biozyme-performance-whey-protein-informed-choice-uk-certified-protein/p/itm3cb21de5c08cd?pid=PSLG2MHNEWYCGVQM&lid=LSTPSLG2MHNEWYCGVQMOZQ9JP&marketplace=FLIPKART&q=muscleblaze+whey+protein&store=hlc%2Fetg%2F1rx&srno=s_1_22&otracker=search&fm=organic&iid=d791e902-f5eb-49e0-9aaa-6d3160dae1fd.PSLG2MHNEWYCGVQM.SEARCH&ppt=None&ppn=None&ssid=molxwo7qdc0000001663394383118&qH=a7a9812079cbe3ef
"MUSCLEBLAZE Raw Whey Protein Concentrate 80%, 1 kg with Creatine Monohydrate, 100 g Whey Protein","2,448",https://rukminim1.flixcart.com/image/416/416/kpydrbk0/protein-supplement/p/r/t/raw-whey-1kg-with-creatine-monohydrate-100g-nut6235-01-original-imag42zaaxn98eyt.jpeg?q=70,https://www.flipkart.com/muscleblaze-raw-whey-protein-concentrate-80-1-kg-creatine-monohydrate-100-g/p/itma12c866bc5b77?pid=PSLFFXWJ2V6ZB3BP&lid=LSTPSLFFXWJ2V6ZB3BPILYIS4&marketplace=FLIPKART&q=muscleblaze+whey+protein&store=hlc%2Fetg%2F1rx&srno=s_1_8&otracker=search&fm=organic&iid=en_5DItV4%2FQc842x1KmYWAmvpwzR%2BZXpUY87EZpY%2F3WoiPS7k6RtP6ser%2F10tuO0ENaButHWyoWIKxNCBNjVJG0SA%3D%3D&ppt=None&ppn=None&ssid=molxwo7qdc0000001663394383118&qH=a7a9812079cbe3ef
"MUSCLEBLAZE Raw Whey Protein Concentrate 80%, 1 kg with Creatine Monohydrate, 100 g Whey Protein","2,448",https://rukminim1.flixcart.com/image/416/416/kpydrbk0/protein-supplement/p/r/t/raw-whey-1kg-with-creatine-monohydrate-100g-nut6235-01-original-imag42zaaxn98eyt.jpeg?q=70,https://www.flipkart.com/muscleblaze-raw-whey-protein-concentrate-80-1-kg-creatine-monohydrate-100-g/p/itma12c866bc5b77?pid=PSLFFXWJ2V6ZB3BP&lid=LSTPSLFFXWJ2V6ZB3BPILYIS4&marketplace=FLIPKART&q=muscleblaze+whey+protein&store=hlc%2Fetg%2F1rx&srno=s_1_8&otracker=search&fm=organic&iid=en_a1FkLV%2B51C9fWspij29wcTdOzuYiix8%2B%2B%2FMsFzTPLAs90dMLR8Ff3dKDfavJNPrjButHWyoWIKxNCBNjVJG0SA%3D%3D&ppt=None&ppn=None&ssid=w62hq8iva80000001663394388214&qH=a7a9812079cbe3ef
"MUSCLEBLAZE Raw Whey Protein Concentrate 80%, 1 kg with Creatine Monohydrate, 100 g Whey Protein","2,448",https://rukminim1.flixcart.com/image/416/416/kpydrbk0/protein-supplement/p/r/t/raw-whey-1kg-with-creatine-monohydrate-100g-nut6235-01-original-imag42zaaxn98eyt.jpeg?q=70,https://www.flipkart.com/muscleblaze-raw-whey-protein-concentrate-80-1-kg-creatine-monohydrate-100-g/p/itma12c866bc5b77?pid=PSLFFXWJ2V6ZB3BP&lid=LSTPSLFFXWJ2V6ZB3BPQJAVSW&marketplace=FLIPKART&q=muscleblaze+whey+protein&store=hlc%2Fetg%2F1rx&srno=s_2_42&otracker=search&fm=organic&iid=c6e5f737-a423-4981-9a93-3f5adf6ae3c4.PSLFFXWJ2V6ZB3BP.SEARCH&ppt=None&ppn=None&ssid=ghq99o3oqo0000001663394386532&qH=a7a9812079cbe3ef
"MUSCLEBLAZE Beginner's Whey Protein, No Added Sugar Whey Protein","2,399",https://rukminim1.flixcart.com/image/416/416/kwxv98w0/protein-supplement/p/i/a/whey-protein-beginner-s-whey-protein-no-added-sugar-faster-original-imag9gbb4kmabhxh.jpeg?q=70,https://www.flipkart.com/muscleblaze-beginner-s-whey-protein-no-added-sugar-protein/p/itm323b4ea28d67a?pid=PSLG9GBCEDSHA5CN&lid=LSTPSLG9GBCEDSHA5CNMH00I3&marketplace=FLIPKART&q=muscleblaze+whey+protein&store=hlc%2Fetg%2F1rx&srno=s_1_30&otracker=search&fm=organic&iid=d791e902-f5eb-49e0-9aaa-6d3160dae1fd.PSLG9GBCEDSHA5CN.SEARCH&ppt=None&ppn=None&ssid=molxwo7qdc0000001663394383118&qH=a7a9812079cbe3ef
"MUSCLEBLAZE Beginner's Whey Protein, No Added Sugar Whey Protein","2,399",https://rukminim1.flixcart.com/image/416/416/kwxv98w0/protein-supplement/p/i/a/whey-protein-beginner-s-whey-protein-no-added-sugar-faster-original-imag9gbb4kmabhxh.jpeg?q=70,https://www.flipkart.com/muscleblaze-beginner-s-whey-protein-no-added-sugar-protein/p/itm323b4ea28d67a?pid=PSLG9GBCEDSHA5CN&lid=LSTPSLG9GBCEDSHA5CNMH00I3&marketplace=FLIPKART&q=muscleblaze+whey+protein&store=hlc%2Fetg%2F1rx&srno=s_1_30&otracker=search&fm=organic&iid=96e1047c-d9cb-4600-beb6-45ab61197d87.PSLG9GBCEDSHA5CN.SEARCH&ppt=None&ppn=None&ssid=w62hq8iva80000001663394388214&qH=a7a9812079cbe3ef
"MUSCLEBLAZE Pre Workout WrathX, with Creapure, CarnoSyn & enXtra (Fruit Fury, 500 g) Whey Protein","2,299",https://rukminim1.flixcart.com/image/416/416/l26hdow0/protein-supplement/8/p/l/whey-protein-pre-workout-wrathx-with-creapure-carnosyn-enxtra-original-imagdkxksy3ztcev.jpeg?q=70,https://www.flipkart.com/muscleblaze-pre-workout-wrathx-creapure-carnosyn-enxtra-fruit-fury-500-g-whey-protein/p/itm7c7b0c0b8e606?pid=PSLGDKXKQTBG9VHP&lid=LSTPSLGDKXKQTBG9VHPGRTZEB&marketplace=FLIPKART&q=muscleblaze+whey+protein&store=hlc%2Fetg%2F1rx&srno=s_2_59&otracker=search&fm=organic&iid=c6e5f737-a423-4981-9a93-3f5adf6ae3c4.PSLGDKXKQTBG9VHP.SEARCH&ppt=None&ppn=None&ssid=ghq99o3oqo0000001663394386532&qH=a7a9812079cbe3ef
"MUSCLEBLAZE Biozyme Performance Whey Protein, Informed Choice UK Certified Whey Protein","2,149",https://rukminim1.flixcart.com/image/416/416/kydb3ww0/protein-supplement/n/w/t/whey-protein-biozyme-performance-whey-protein-labdoor-usa-original-imagamavfdrnegnz.jpeg?q=70,https://www.flipkart.com/muscleblaze-biozyme-performance-whey-protein-informed-choice-uk-certified-protein/p/itm4046719c75e8c?pid=PSLGAMAVJ4HUZUZE&lid=LSTPSLGAMAVJ4HUZUZERQGHRV&marketplace=FLIPKART&q=muscleblaze+whey+protein&store=hlc%2Fetg%2F1rx&srno=s_2_61&otracker=search&fm=organic&iid=c6e5f737-a423-4981-9a93-3f5adf6ae3c4.PSLGAMAVJ4HUZUZE.SEARCH&ppt=None&ppn=None&ssid=ghq99o3oqo0000001663394386532&qH=a7a9812079cbe3ef
"MUSCLEBLAZE Biozyme Performance Whey Protein, Informed Choice UK Certified Whey Protein","2,149",https://rukminim1.flixcart.com/image/416/416/kydb3ww0/protein-supplement/h/f/k/whey-protein-biozyme-performance-whey-protein-labdoor-usa-original-imagambfzmeqggze.jpeg?q=70,https://www.flipkart.com/muscleblaze-biozyme-performance-whey-protein-informed-choice-uk-certified-protein/p/itm23de155e1129b?pid=PSLGAMBFXF3HPWPZ&lid=LSTPSLGAMBFXF3HPWPZ2PIZHI&marketplace=FLIPKART&q=muscleblaze+whey+protein&store=hlc%2Fetg%2F1rx&srno=s_2_43&otracker=search&fm=organic&iid=c6e5f737-a423-4981-9a93-3f5adf6ae3c4.PSLGAMBFXF3HPWPZ.SEARCH&ppt=None&ppn=None&ssid=ghq99o3oqo0000001663394386532&qH=a7a9812079cbe3ef
"MUSCLEBLAZE Whey Energy with Whey & Multivitamins Blend, 1 kg with Shaker, 650 ml Whey Protein","2,049",https://rukminim1.flixcart.com/image/416/416/kmf7ki80/protein-supplement/t/3/j/whey-energy-with-shaker-nut7010-01-muscleblaze-original-imagfbqt4hfmzb9k.jpeg?q=70,https://www.flipkart.com/muscleblaze-whey-energy-multivitamins-blend-1-kg-shaker-650-ml-protein/p/itmd60a3a9424de3?pid=PSLFWBFYUPZXPXVB&lid=LSTPSLFWBFYUPZXPXVBB4LIWX&marketplace=FLIPKART&q=muscleblaze+whey+protein&store=hlc%2Fetg%2F1rx&srno=s_1_33&otracker=search&fm=organic&iid=d791e902-f5eb-49e0-9aaa-6d3160dae1fd.PSLFWBFYUPZXPXVB.SEARCH&ppt=None&ppn=None&ssid=molxwo7qdc0000001663394383118&qH=a7a9812079cbe3ef
"MUSCLEBLAZE Whey Energy with Whey & Multivitamins Blend, 1 kg with Shaker, 650 ml Whey Protein","2,049",https://rukminim1.flixcart.com/image/416/416/kmf7ki80/protein-supplement/t/3/j/whey-energy-with-shaker-nut7010-01-muscleblaze-original-imagfbqt4hfmzb9k.jpeg?q=70,https://www.flipkart.com/muscleblaze-whey-energy-multivitamins-blend-1-kg-shaker-650-ml-protein/p/itmd60a3a9424de3?pid=PSLFWBFYUPZXPXVB&lid=LSTPSLFWBFYUPZXPXVBB4LIWX&marketplace=FLIPKART&q=muscleblaze+whey+protein&store=hlc%2Fetg%2F1rx&srno=s_1_34&otracker=search&fm=organic&iid=96e1047c-d9cb-4600-beb6-45ab61197d87.PSLFWBFYUPZXPXVB.SEARCH&ppt=None&ppn=None&ssid=w62hq8iva80000001663394388214&qH=a7a9812079cbe3ef
"MUSCLEBLAZE Raw Whey Protein Concentrate 80% with Digestive Enzymes, 1 kg & Shaker, 650 ml Whey Protein","2,049",https://rukminim1.flixcart.com/image/416/416/ku2zjww0/protein-supplement/d/c/l/whey-protein-raw-whey-protein-concentrate-80-labdoor-usa-original-imag7acjaa8fsbr9.jpeg?q=70,https://www.flipkart.com/muscleblaze-raw-whey-protein-concentrate-80-digestive-enzymes-1-kg-shaker-650-ml/p/itm5ca29ac621230?pid=PSLG7AEBHJQQFMJF&lid=LSTPSLG7AEBHJQQFMJFRJS7ZV&marketplace=FLIPKART&q=muscleblaze+whey+protein&store=hlc%2Fetg%2F1rx&srno=s_2_46&otracker=search&fm=organic&iid=c6e5f737-a423-4981-9a93-3f5adf6ae3c4.PSLG7AEBHJQQFMJF.SEARCH&ppt=None&ppn=None&ssid=ghq99o3oqo0000001663394386532&qH=a7a9812079cbe3ef
"MUSCLEBLAZE Fuel One Whey Protein, 5.29 g BCAA, 4.2 g Glutamic Acid, 1 kg with Shaker Whey Protein","1,949",https://rukminim1.flixcart.com/image/416/416/ku2zjww0/protein-supplement/i/w/g/whey-protein-fuel-one-whey-protein-with-shaker-nut7616-01-original-imag7adzukhemy8c.jpeg?q=70,https://www.flipkart.com/muscleblaze-fuel-one-whey-protein-5-29-g-bcaa-4-2-glutamic-acid-1-kg-shaker-protein/p/itm8dcdacef0e2fa?pid=PSLG7AEZDFFQWGMG&lid=LSTPSLG7AEZDFFQWGMGHHTFMM&marketplace=FLIPKART&q=muscleblaze+whey+protein&store=hlc%2Fetg%2F1rx&srno=s_1_35&otracker=search&fm=organic&iid=d791e902-f5eb-49e0-9aaa-6d3160dae1fd.PSLG7AEZDFFQWGMG.SEARCH&ppt=None&ppn=None&ssid=molxwo7qdc0000001663394383118&qH=a7a9812079cbe3ef
MUSCLEBLAZE Whey Energy with Whey & Multivitamins Blend Whey Protein,"1,949",https://rukminim1.flixcart.com/image/416/416/l572ufk0/protein-supplement/t/x/h/whey-protein-whey-energy-with-digezyme-nut5183-02-muscleblaze-original-imagfxd9znhzgfrw.jpeg?q=70,https://www.flipkart.com/muscleblaze-whey-energy-multivitamins-blend-protein/p/itmacb9f3561eafc?pid=PSLETVDJFGAP7FPU&lid=LSTPSLETVDJFGAP7FPUGBEUY3&marketplace=FLIPKART&q=muscleblaze+whey+protein&store=hlc%2Fetg%2F1rx&srno=s_1_32&otracker=search&fm=organic&iid=d791e902-f5eb-49e0-9aaa-6d3160dae1fd.PSLETVDJFGAP7FPU.SEARCH&ppt=None&ppn=None&ssid=molxwo7qdc0000001663394383118&qH=a7a9812079cbe3ef
"MUSCLEBLAZE Biozyme Performance Whey Protein, Informed Choice UK Certified Whey Protein","1,949",https://rukminim1.flixcart.com/image/416/416/xif0q/protein-supplement/h/s/b/whey-protein-biozyme-performance-whey-protein-informed-choice-uk-original-imaggrdaxqt8v472.jpeg?q=70,https://www.flipkart.com/muscleblaze-biozyme-performance-whey-protein-informed-choice-uk-certified-protein/p/itma3cf733512876?pid=PSLGGRDAMNDGH8XQ&lid=LSTPSLGGRDAMNDGH8XQBBZUTO&marketplace=FLIPKART&q=muscleblaze+whey+protein&store=hlc%2Fetg%2F1rx&srno=s_1_27&otracker=search&fm=organic&iid=d791e902-f5eb-49e0-9aaa-6d3160dae1fd.PSLGGRDAMNDGH8XQ.SEARCH&ppt=None&ppn=None&ssid=molxwo7qdc0000001663394383118&qH=a7a9812079cbe3ef
"MUSCLEBLAZE Fuel One Whey Protein, 5.29 g BCAA, 4.2 g Glutamic Acid, 1 kg with Shaker Whey Protein","1,949",https://rukminim1.flixcart.com/image/416/416/ku2zjww0/protein-supplement/i/w/g/whey-protein-fuel-one-whey-protein-with-shaker-nut7616-01-original-imag7adzukhemy8c.jpeg?q=70,https://www.flipkart.com/muscleblaze-fuel-one-whey-protein-5-29-g-bcaa-4-2-glutamic-acid-1-kg-shaker-protein/p/itm8dcdacef0e2fa?pid=PSLG7AEZDFFQWGMG&lid=LSTPSLG7AEZDFFQWGMGHHTFMM&marketplace=FLIPKART&q=muscleblaze+whey+protein&store=hlc%2Fetg%2F1rx&srno=s_1_33&otracker=search&fm=organic&iid=96e1047c-d9cb-4600-beb6-45ab61197d87.PSLG7AEZDFFQWGMG.SEARCH&ppt=None&ppn=None&ssid=w62hq8iva80000001663394388214&qH=a7a9812079cbe3ef
MUSCLEBLAZE Whey Energy with Whey & Multivitamins Blend Whey Protein,"1,949",https://rukminim1.flixcart.com/image/416/416/l572ufk0/protein-supplement/t/x/h/whey-protein-whey-energy-with-digezyme-nut5183-02-muscleblaze-original-imagfxd9znhzgfrw.jpeg?q=70,https://www.flipkart.com/muscleblaze-whey-energy-multivitamins-blend-protein/p/itmacb9f3561eafc?pid=PSLETVDJFGAP7FPU&lid=LSTPSLETVDJFGAP7FPUGBEUY3&marketplace=FLIPKART&q=muscleblaze+whey+protein&store=hlc%2Fetg%2F1rx&srno=s_1_32&otracker=search&fm=organic&iid=96e1047c-d9cb-4600-beb6-45ab61197d87.PSLETVDJFGAP7FPU.SEARCH&ppt=None&ppn=None&ssid=w62hq8iva80000001663394388214&qH=a7a9812079cbe3ef
"MUSCLEBLAZE Raw Whey Protein Concentrate 80% with Digestive Enzymes, Labdoor USA Certified Whey Protein","1,949",https://rukminim1.flixcart.com/image/416/416/k5bcscw0/protein-supplement/z/g/v/raw-nut4919-02-muscleblaze-original-imafnxks3matwudd.jpeg?q=70,https://www.flipkart.com/muscleblaze-raw-whey-protein-concentrate-80-digestive-enzymes-labdoor-usa-certified/p/itm003220323855d?pid=PSLET4NDF84FHZGV&lid=LSTPSLET4NDF84FHZGVFIBTP0&marketplace=FLIPKART&q=muscleblaze+whey+protein&store=hlc%2Fetg%2F1rx&srno=s_1_21&otracker=search&fm=organic&iid=96e1047c-d9cb-4600-beb6-45ab61197d87.PSLET4NDF84FHZGV.SEARCH&ppt=None&ppn=None&ssid=w62hq8iva80000001663394388214&qH=a7a9812079cbe3ef
"MUSCLEBLAZE Biozyme Performance Whey Protein, Informed Choice UK Certified Whey Protein","1,949",https://rukminim1.flixcart.com/image/416/416/xif0q/protein-supplement/h/s/b/whey-protein-biozyme-performance-whey-protein-informed-choice-uk-original-imaggrdaxqt8v472.jpeg?q=70,https://www.flipkart.com/muscleblaze-biozyme-performance-whey-protein-informed-choice-uk-certified-protein/p/itma3cf733512876?pid=PSLGGRDAMNDGH8XQ&lid=LSTPSLGGRDAMNDGH8XQBBZUTO&marketplace=FLIPKART&q=muscleblaze+whey+protein&store=hlc%2Fetg%2F1rx&srno=s_2_45&otracker=search&fm=organic&iid=c6e5f737-a423-4981-9a93-3f5adf6ae3c4.PSLGGRDAMNDGH8XQ.SEARCH&ppt=None&ppn=None&ssid=ghq99o3oqo0000001663394386532&qH=a7a9812079cbe3ef
"MUSCLEBLAZE Raw Whey Protein Concentrate 80% with Digestive Enzymes, Labdoor USA Certified Whey Protein","1,949",https://rukminim1.flixcart.com/image/416/416/k5bcscw0/protein-supplement/z/g/v/raw-nut4919-02-muscleblaze-original-imafnxks3matwudd.jpeg?q=70,https://www.flipkart.com/muscleblaze-raw-whey-protein-concentrate-80-digestive-enzymes-labdoor-usa-certified/p/itm003220323855d?pid=PSLET4NDF84FHZGV&lid=LSTPSLET4NDF84FHZGVFIBTP0&marketplace=FLIPKART&q=muscleblaze+whey+protein&store=hlc%2Fetg%2F1rx&srno=s_1_21&otracker=search&fm=organic&iid=d791e902-f5eb-49e0-9aaa-6d3160dae1fd.PSLET4NDF84FHZGV.SEARCH&ppt=None&ppn=None&ssid=molxwo7qdc0000001663394383118&qH=a7a9812079cbe3ef
"MUSCLEBLAZE Fuel One Whey Protein, 5.29 g BCAA, 4.2 g Glutamic Acid Whey Protein","1,849",https://rukminim1.flixcart.com/image/416/416/kdj4xow0/protein-supplement/2/6/v/fuel-one-mass-gainer-immunity-750g-chocolate-flavour-nut6885-01-original-imafuetm9zhzrnzf.jpeg?q=70,https://www.flipkart.com/muscleblaze-fuel-one-whey-protein-5-29-g-bcaa-4-2-glutamic-acid-protein/p/itm85c5e0148c9bb?pid=PSLFZKFDCUVTJTVW&lid=LSTPSLFZKFDCUVTJTVWFJJJIW&marketplace=FLIPKART&q=muscleblaze+whey+protein&store=hlc%2Fetg%2F1rx&srno=s_2_80&otracker=search&fm=organic&iid=c6e5f737-a423-4981-9a93-3f5adf6ae3c4.PSLFZKFDCUVTJTVW.SEARCH&ppt=None&ppn=None&ssid=ghq99o3oqo0000001663394386532&qH=a7a9812079cbe3ef
"MUSCLEBLAZE Fuel One Whey Protein, 5.29 g BCAA, 4.2 g Glutamic Acid Whey Protein","1,849",https://rukminim1.flixcart.com/image/416/416/kij6f0w0/protein-supplement/h/z/e/fuel-one-whey-protein-immunity-nut6557-01-muscleblaze-original-imafyayxfx62gwns.jpeg?q=70,https://www.flipkart.com/muscleblaze-fuel-one-whey-protein-5-29-g-bcaa-4-2-glutamic-acid-protein/p/itma8c19bfabd8ad?pid=PSLFWHDFFQFYZDRE&lid=LSTPSLFWHDFFQFYZDRERUZQLR&marketplace=FLIPKART&q=muscleblaze+whey+protein&store=hlc%2Fetg%2F1rx&srno=s_2_77&otracker=search&fm=organic&iid=c6e5f737-a423-4981-9a93-3f5adf6ae3c4.PSLFWHDFFQFYZDRE.SEARCH&ppt=None&ppn=None&ssid=ghq99o3oqo0000001663394386532&qH=a7a9812079cbe3ef
"MUSCLEBLAZE Fuel One Whey Protein, 5.29 g BCAA, 4.2 g Glutamic Acid Whey Protein","1,849",https://rukminim1.flixcart.com/image/416/416/kij6f0w0/protein-supplement/h/z/e/fuel-one-whey-protein-immunity-nut6557-01-muscleblaze-original-imafyayxfx62gwns.jpeg?q=70,https://www.flipkart.com/muscleblaze-fuel-one-whey-protein-5-29-g-bcaa-4-2-glutamic-acid-protein/p/itm6dc7944621a21?pid=PSLGBZ3FSFZUHUSR&lid=LSTPSLGBZ3FSFZUHUSRST7P77&marketplace=FLIPKART&q=muscleblaze+whey+protein&store=hlc%2Fetg%2F1rx&srno=s_2_65&otracker=search&fm=organic&iid=c6e5f737-a423-4981-9a93-3f5adf6ae3c4.PSLGBZ3FSFZUHUSR.SEARCH&ppt=None&ppn=None&ssid=ghq99o3oqo0000001663394386532&qH=a7a9812079cbe3ef
"MUSCLEBLAZE Fuel One Whey Protein, 5.29 g BCAA, 4.2 g Glutamic Acid Whey Protein","1,849",https://rukminim1.flixcart.com/image/416/416/xif0q/protein-supplement/w/b/g/whey-protein-fuel-one-whey-protein-5-29-g-bcaa-4-2-g-glutamic-original-imaggun5hutsfhv6.jpeg?q=70,https://www.flipkart.com/muscleblaze-fuel-one-whey-protein-5-29-g-bcaa-4-2-glutamic-acid-protein/p/itmf2945a530071b?pid=PSLFUFGUHHDZ2HZE&lid=LSTPSLFUFGUHHDZ2HZECLLGOW&marketplace=FLIPKART&q=muscleblaze+whey+protein&store=hlc%2Fetg%2F1rx&srno=s_1_25&otracker=search&fm=organic&iid=96e1047c-d9cb-4600-beb6-45ab61197d87.PSLFUFGUHHDZ2HZE.SEARCH&ppt=None&ppn=None&ssid=w62hq8iva80000001663394388214&qH=a7a9812079cbe3ef
"MUSCLEBLAZE Fuel One Whey Protein, 5.29 g BCAA, 4.2 g Glutamic Acid Whey Protein","1,849",https://rukminim1.flixcart.com/image/416/416/xif0q/protein-supplement/w/b/g/whey-protein-fuel-one-whey-protein-5-29-g-bcaa-4-2-g-glutamic-original-imaggun5hutsfhv6.jpeg?q=70,https://www.flipkart.com/muscleblaze-fuel-one-whey-protein-5-29-g-bcaa-4-2-glutamic-acid-protein/p/itmf2945a530071b?pid=PSLFUFGUHHDZ2HZE&lid=LSTPSLFUFGUHHDZ2HZECLLGOW&marketplace=FLIPKART&q=muscleblaze+whey+protein&store=hlc%2Fetg%2F1rx&srno=s_1_25&otracker=search&fm=organic&iid=d791e902-f5eb-49e0-9aaa-6d3160dae1fd.PSLFUFGUHHDZ2HZE.SEARCH&ppt=None&ppn=None&ssid=molxwo7qdc0000001663394383118&qH=a7a9812079cbe3ef
"MUSCLEBLAZE Beginner's Whey Protein Supplement, 1 kg with Creatine Monohydrate, 100 g Whey Protein","1,748",https://rukminim1.flixcart.com/image/416/416/ku2zjww0/protein-supplement/t/4/d/whey-protein-beginner-s-whey-protein-supplement-with-creatine-original-imag7ad6tdgqjyx8.jpeg?q=70,https://www.flipkart.com/muscleblaze-beginner-s-whey-protein-supplement-1-kg-creatine-monohydrate-100-g/p/itm409407fea38bf?pid=PSLG7B5ZFGNDXTBX&lid=LSTPSLG7B5ZFGNDXTBXV5OAIY&marketplace=FLIPKART&q=muscleblaze+whey+protein&store=hlc%2Fetg%2F1rx&srno=s_1_2&otracker=search&fm=organic&iid=en_a1FkLV%2B51C9fWspij29wcTdOzuYiix8%2B%2B%2FMsFzTPLAsfD1smCxcXQxJrG30rvZipWLwFJzFgiLkZZlcht5uwiA%3D%3D&ppt=None&ppn=None&ssid=w62hq8iva80000001663394388214&qH=a7a9812079cbe3ef
"MUSCLEBLAZE Beginner's Whey Protein Supplement, 1 kg with Creatine Monohydrate, 100 g Whey Protein","1,748",https://rukminim1.flixcart.com/image/416/416/ku2zjww0/protein-supplement/t/4/d/whey-protein-beginner-s-whey-protein-supplement-with-creatine-original-imag7ad6tdgqjyx8.jpeg?q=70,https://www.flipkart.com/muscleblaze-beginner-s-whey-protein-supplement-1-kg-creatine-monohydrate-100-g/p/itm409407fea38bf?pid=PSLG7B5ZFGNDXTBX&lid=LSTPSLG7B5ZFGNDXTBXV5OAIY&marketplace=FLIPKART&q=muscleblaze+whey+protein&store=hlc%2Fetg%2F1rx&srno=s_2_48&otracker=search&fm=organic&iid=en_41zfuVeHTslzjCR5UmyIWDhM%2Fj7wC3FXsy7VkenbStQ0RjvCOrQF0HXmkarSNjqgWLwFJzFgiLkZZlcht5uwiA%3D%3D&ppt=None&ppn=None&ssid=ghq99o3oqo0000001663394386532&qH=a7a9812079cbe3ef
"MUSCLEBLAZE Beginner's Whey Protein Supplement, 1 kg with Creatine Monohydrate, 100 g Whey Protein","1,748",https://rukminim1.flixcart.com/image/416/416/ku2zjww0/protein-supplement/t/4/d/whey-protein-beginner-s-whey-protein-supplement-with-creatine-original-imag7ad6tdgqjyx8.jpeg?q=70,https://www.flipkart.com/muscleblaze-beginner-s-whey-protein-supplement-1-kg-creatine-monohydrate-100-g/p/itm409407fea38bf?pid=PSLG7B5ZFGNDXTBX&lid=LSTPSLG7B5ZFGNDXTBXV5OAIY&marketplace=FLIPKART&q=muscleblaze+whey+protein&store=hlc%2Fetg%2F1rx&srno=s_1_2&otracker=search&fm=organic&iid=en_5DItV4%2FQc842x1KmYWAmvpwzR%2BZXpUY87EZpY%2F3WoiO7SOquCs4uS%2BJYrsjK4C3CWLwFJzFgiLkZZlcht5uwiA%3D%3D&ppt=None&ppn=None&ssid=molxwo7qdc0000001663394383118&qH=a7a9812079cbe3ef
"MUSCLEBLAZE Fuel One Raw Whey Protein, 100% RDA of Immunity Boosters Whey Protein","1,649",https://rukminim1.flixcart.com/image/416/416/kij6f0w0/protein-supplement/h/z/e/fuel-one-whey-protein-immunity-nut6557-01-muscleblaze-original-imafyayxfx62gwns.jpeg?q=70,https://www.flipkart.com/muscleblaze-fuel-one-raw-whey-protein-100-rda-immunity-boosters-protein/p/itm0a78e997a1129?pid=PSLFNER6TYY7BZRS&lid=LSTPSLFNER6TYY7BZRSMI4FWP&marketplace=FLIPKART&q=muscleblaze+whey+protein&store=hlc%2Fetg%2F1rx&srno=s_1_29&otracker=search&fm=organic&iid=d791e902-f5eb-49e0-9aaa-6d3160dae1fd.PSLFNER6TYY7BZRS.SEARCH&ppt=None&ppn=None&ssid=molxwo7qdc0000001663394383118&qH=a7a9812079cbe3ef
"MUSCLEBLAZE Fuel One Raw Whey Protein, 100% RDA of Immunity Boosters Whey Protein","1,649",https://rukminim1.flixcart.com/image/416/416/kij6f0w0/protein-supplement/h/z/e/fuel-one-whey-protein-immunity-nut6557-01-muscleblaze-original-imafyayxfx62gwns.jpeg?q=70,https://www.flipkart.com/muscleblaze-fuel-one-raw-whey-protein-100-rda-immunity-boosters-protein/p/itm0a78e997a1129?pid=PSLFNER6TYY7BZRS&lid=LSTPSLFNER6TYY7BZRSMI4FWP&marketplace=FLIPKART&q=muscleblaze+whey+protein&store=hlc%2Fetg%2F1rx&srno=s_1_28&otracker=search&fm=organic&iid=96e1047c-d9cb-4600-beb6-45ab61197d87.PSLFNER6TYY7BZRS.SEARCH&ppt=None&ppn=None&ssid=w62hq8iva80000001663394388214&qH=a7a9812079cbe3ef
"MUSCLEBLAZE Carb Blend, Active Energy Formula (Mango, 3 kg / 6.6 lb, 40 Servings) Whey Protein","1,599",https://rukminim1.flixcart.com/image/416/416/kwb07m80/protein-supplement/d/h/r/whey-protein-carb-blend-active-energy-formula-mango-3-kg-6-6-lb-original-imag9yehjnefnzqg.jpeg?q=70,https://www.flipkart.com/muscleblaze-carb-blend-active-energy-formula-mango-3-kg-6-6-lb-40-servings-whey-protein/p/itm41c0037378d93?pid=PSLG9YEHXAYW9K3B&lid=LSTPSLG9YEHXAYW9K3BO63HT5&marketplace=FLIPKART&q=muscleblaze+whey+protein&store=hlc%2Fetg%2F1rx&srno=s_2_58&otracker=search&fm=organic&iid=c6e5f737-a423-4981-9a93-3f5adf6ae3c4.PSLG9YEHXAYW9K3B.SEARCH&ppt=None&ppn=None&ssid=ghq99o3oqo0000001663394386532&qH=a7a9812079cbe3ef
"MUSCLEBLAZE Raw Whey Protein Concentrate 80% with Added Digestive Enzymes(750 g,Unflavoured) Whey Protein","1,549",https://rukminim1.flixcart.com/image/416/416/l0tweq80/protein-supplement/d/p/f/whey-protein-raw-whey-protein-concentrate-80-with-added-original-imagcj26bhmekg5v.jpeg?q=70,https://www.flipkart.com/muscleblaze-raw-whey-protein-concentrate-80-added-digestive-enzymes-750-g-unflavoured/p/itmd8feb4a8e1213?pid=PSLGCJ26M5AMFY8W&lid=LSTPSLGCJ26M5AMFY8WPJBOYT&marketplace=FLIPKART&q=muscleblaze+whey+protein&store=hlc%2Fetg%2F1rx&srno=s_1_39&otracker=search&fm=organic&iid=d791e902-f5eb-49e0-9aaa-6d3160dae1fd.PSLGCJ26M5AMFY8W.SEARCH&ppt=None&ppn=None&ssid=molxwo7qdc0000001663394383118&qH=a7a9812079cbe3ef
MUSCLEBLAZE Raw Whey Isolate 90% with Digestive Enzymes Whey Protein,"1,549",https://rukminim1.flixcart.com/image/416/416/korijrk0/protein-supplement/s/s/5/raw-whey-isolate-90-unflavored-1-1lb-nut5031-03-muscleblaze-original-imag35zdrcfsrjm7.jpeg?q=70,https://www.flipkart.com/muscleblaze-raw-whey-isolate-90-digestive-enzymes-protein/p/itm93ce9195c6052?pid=PSLG35ZDURBNFHKB&lid=LSTPSLG35ZDURBNFHKBAECEPR&marketplace=FLIPKART&q=muscleblaze+whey+protein&store=hlc%2Fetg%2F1rx&srno=s_1_31&otracker=search&fm=organic&iid=d791e902-f5eb-49e0-9aaa-6d3160dae1fd.PSLG35ZDURBNFHKB.SEARCH&ppt=None&ppn=None&ssid=molxwo7qdc0000001663394383118&qH=a7a9812079cbe3ef
MUSCLEBLAZE Raw Whey Isolate 90% with Digestive Enzymes Whey Protein,"1,549",https://rukminim1.flixcart.com/image/416/416/korijrk0/protein-supplement/s/s/5/raw-whey-isolate-90-unflavored-1-1lb-nut5031-03-muscleblaze-original-imag35zdrcfsrjm7.jpeg?q=70,https://www.flipkart.com/muscleblaze-raw-whey-isolate-90-digestive-enzymes-protein/p/itm93ce9195c6052?pid=PSLG35ZDURBNFHKB&lid=LSTPSLG35ZDURBNFHKBAECEPR&marketplace=FLIPKART&q=muscleblaze+whey+protein&store=hlc%2Fetg%2F1rx&srno=s_1_31&otracker=search&fm=organic&iid=96e1047c-d9cb-4600-beb6-45ab61197d87.PSLG35ZDURBNFHKB.SEARCH&ppt=None&ppn=None&ssid=w62hq8iva80000001663394388214&qH=a7a9812079cbe3ef
MUSCLEBLAZE Fuel One Black with 3 g Creapure & Added Testosterone Blend Whey Protein,"1,549",https://rukminim1.flixcart.com/image/416/416/l0h1g280/protein-supplement/s/3/v/whey-protein-fuel-one-black-24-g-whey-protein-chocolate-750-g-20-original-imagc94jgrxwkaym.jpeg?q=70,https://www.flipkart.com/muscleblaze-fuel-one-black-3-g-creapure-added-testosterone-blend-whey-protein/p/itmb522fe10bdfa5?pid=PSLGC98QFY2GQEMR&lid=LSTPSLGC98QFY2GQEMRXEPZMT&marketplace=FLIPKART&q=muscleblaze+whey+protein&store=hlc%2Fetg%2F1rx&srno=s_2_52&otracker=search&fm=organic&iid=en_41zfuVeHTslzjCR5UmyIWDhM%2Fj7wC3FXsy7VkenbStRVQjvXToKEe%2BlAFVjdOGheLsjUrqjOtr62xwCz%2BOHvPA%3D%3D&ppt=None&ppn=None&ssid=ghq99o3oqo0000001663394386532&qH=a7a9812079cbe3ef
"MUSCLEBLAZE Total Beast Pre Workout, 200 mg Caffeine, 2500 mg Citrulline Whey Protein","1,499",https://rukminim1.flixcart.com/image/416/416/kt0enww0/protein-supplement/l/d/q/whey-protein-total-beast-pre-workout-200-mg-caffeine-2500-mg-original-imag6gfh9gsncvz5.jpeg?q=70,https://www.flipkart.com/muscleblaze-total-beast-pre-workout-200-mg-caffeine-2500-citrulline-whey-protein/p/itm027056863023b?pid=PSLG6GFG7QHGSYEZ&lid=LSTPSLG6GFG7QHGSYEZHTEFXO&marketplace=FLIPKART&q=muscleblaze+whey+protein&store=hlc%2Fetg%2F1rx&srno=s_2_54&otracker=search&fm=organic&iid=c6e5f737-a423-4981-9a93-3f5adf6ae3c4.PSLG6GFG7QHGSYEZ.SEARCH&ppt=None&ppn=None&ssid=ghq99o3oqo0000001663394386532&qH=a7a9812079cbe3ef
"MUSCLEBLAZE Beginner's Protein (Jar Pack), Whey Supplement, 1 kg with 650 ml Shaker Whey Protein","1,399",https://rukminim1.flixcart.com/image/416/416/kwv0djk0/protein-supplement/8/b/g/whey-protein-beginner-s-protein-jar-pack-whey-supplement-no-original-imag9gfh7z2gqejh.jpeg?q=70,https://www.flipkart.com/muscleblaze-beginner-s-protein-jar-pack-whey-supplement-1-kg-650-ml-shaker/p/itm7b096fbbcb7b8?pid=PSLG9GFHZPUJ3RVB&lid=LSTPSLG9GFHZPUJ3RVBKTCA41&marketplace=FLIPKART&q=muscleblaze+whey+protein&store=hlc%2Fetg%2F1rx&srno=s_1_10&otracker=search&fm=organic&iid=d791e902-f5eb-49e0-9aaa-6d3160dae1fd.PSLG9GFHZPUJ3RVB.SEARCH&ppt=None&ppn=None&ssid=molxwo7qdc0000001663394383118&qH=a7a9812079cbe3ef
"MUSCLEBLAZE Beginner's Protein (Jar Pack), Whey Supplement, 1 kg with 650 ml Shaker Whey Protein","1,399",https://rukminim1.flixcart.com/image/416/416/kwv0djk0/protein-supplement/8/b/g/whey-protein-beginner-s-protein-jar-pack-whey-supplement-no-original-imag9gfh7z2gqejh.jpeg?q=70,https://www.flipkart.com/muscleblaze-beginner-s-protein-jar-pack-whey-supplement-1-kg-650-ml-shaker/p/itm7b096fbbcb7b8?pid=PSLG9GFHZPUJ3RVB&lid=LSTPSLG9GFHZPUJ3RVBKTCA41&marketplace=FLIPKART&q=muscleblaze+whey+protein&store=hlc%2Fetg%2F1rx&srno=s_1_11&otracker=search&fm=organic&iid=96e1047c-d9cb-4600-beb6-45ab61197d87.PSLG9GFHZPUJ3RVB.SEARCH&ppt=None&ppn=None&ssid=w62hq8iva80000001663394388214&qH=a7a9812079cbe3ef
"MUSCLEBLAZE Beginner's Whey Protein, No Added Sugar, 1 kg with Shaker, 650 ml Whey Protein","1,349",https://rukminim1.flixcart.com/image/416/416/ks0onm80/protein-supplement/9/e/w/beginner-s-with-shaker-nut5903-01-muscleblaze-original-imag5zdrwghrzvvx.jpeg?q=70,https://www.flipkart.com/muscleblaze-beginner-s-whey-protein-no-added-sugar-1-kg-shaker-650-ml-protein/p/itm48daad61c2657?pid=PSLF9F6BATAHUPPU&lid=LSTPSLF9F6BATAHUPPUPXPDWP&marketplace=FLIPKART&q=muscleblaze+whey+protein&store=hlc%2Fetg%2F1rx&srno=s_1_26&otracker=search&fm=organic&iid=d791e902-f5eb-49e0-9aaa-6d3160dae1fd.PSLF9F6BATAHUPPU.SEARCH&ppt=None&ppn=None&ssid=molxwo7qdc0000001663394383118&qH=a7a9812079cbe3ef
"MUSCLEBLAZE Beginner's Whey Protein, No Added Sugar, 1 kg with Shaker, 650 ml Whey Protein","1,349",https://rukminim1.flixcart.com/image/416/416/ks0onm80/protein-supplement/9/e/w/beginner-s-with-shaker-nut5903-01-muscleblaze-original-imag5zdrwghrzvvx.jpeg?q=70,https://www.flipkart.com/muscleblaze-beginner-s-whey-protein-no-added-sugar-1-kg-shaker-650-ml-protein/p/itm48daad61c2657?pid=PSLF9F6BATAHUPPU&lid=LSTPSLF9F6BATAHUPPUPXPDWP&marketplace=FLIPKART&q=muscleblaze+whey+protein&store=hlc%2Fetg%2F1rx&srno=s_1_26&otracker=search&fm=organic&iid=96e1047c-d9cb-4600-beb6-45ab61197d87.PSLF9F6BATAHUPPU.SEARCH&ppt=None&ppn=None&ssid=w62hq8iva80000001663394388214&qH=a7a9812079cbe3ef
"MUSCLEBLAZE Biozyme Performance Whey Protein, Informed Choice UK Certified Whey Protein","1,299",https://rukminim1.flixcart.com/image/416/416/krxtrww0/protein-supplement/g/k/c/biozyme-performance-whey-labdoor-usa-certified-nut7239-07-original-imag5hjbfhkungr7.jpeg?q=70,https://www.flipkart.com/muscleblaze-biozyme-performance-whey-protein-informed-choice-uk-certified-protein/p/itmd2b5786a01a99?pid=PSLG5HJCPUPCMGHA&lid=LSTPSLG5HJCPUPCMGHAITY9RW&marketplace=FLIPKART&q=muscleblaze+whey+protein&store=hlc%2Fetg%2F1rx&srno=s_1_38&otracker=search&fm=organic&iid=96e1047c-d9cb-4600-beb6-45ab61197d87.PSLG5HJCPUPCMGHA.SEARCH&ppt=None&ppn=None&ssid=w62hq8iva80000001663394388214&qH=a7a9812079cbe3ef
"MUSCLEBLAZE Beginner's Whey Protein, No Added Sugar Whey Protein","1,259",https://rukminim1.flixcart.com/image/416/416/kvvad8w0/protein-supplement/j/7/f/whey-protein-beginner-s-nut5609-04-muscleblaze-original-imag8z4wzk8gbezg.jpeg?q=70,https://www.flipkart.com/muscleblaze-beginner-s-whey-protein-no-added-sugar-protein/p/itm31cb315835f44?pid=PSLF9N74YYTGFQZH&lid=LSTPSLF9N74YYTGFQZHSZT8SV&marketplace=FLIPKART&q=muscleblaze+whey+protein&store=hlc%2Fetg%2F1rx&srno=s_1_11&otracker=search&fm=organic&iid=d791e902-f5eb-49e0-9aaa-6d3160dae1fd.PSLF9N74YYTGFQZH.SEARCH&ppt=None&ppn=None&ssid=molxwo7qdc0000001663394383118&qH=a7a9812079cbe3ef
"MUSCLEBLAZE Beginner's Whey Protein, No Added Sugar Whey Protein","1,259",https://rukminim1.flixcart.com/image/416/416/kvvad8w0/protein-supplement/j/7/f/whey-protein-beginner-s-nut5609-04-muscleblaze-original-imag8z4wzk8gbezg.jpeg?q=70,https://www.flipkart.com/muscleblaze-beginner-s-whey-protein-no-added-sugar-protein/p/itm31cb315835f44?pid=PSLF9N74YYTGFQZH&lid=LSTPSLF9N74YYTGFQZHSZT8SV&marketplace=FLIPKART&q=muscleblaze+whey+protein&store=hlc%2Fetg%2F1rx&srno=s_1_10&otracker=search&fm=organic&iid=96e1047c-d9cb-4600-beb6-45ab61197d87.PSLF9N74YYTGFQZH.SEARCH&ppt=None&ppn=None&ssid=w62hq8iva80000001663394388214&qH=a7a9812079cbe3ef
"MUSCLEBLAZE Beginner's Whey Protein, No Added Sugar Whey Protein","1,249",https://rukminim1.flixcart.com/image/416/416/ksgehzk0/protein-supplement/z/q/h/whey-protein-beginner-s-nut5609-01-muscleblaze-original-imag6yq3wnh4nkxh.jpeg?q=70,https://www.flipkart.com/muscleblaze-beginner-s-whey-protein-no-added-sugar-protein/p/itm26b168053b721?pid=PSLFFN96NBXVFGF5&lid=LSTPSLFFN96NBXVFGF5YK4GIM&marketplace=FLIPKART&q=muscleblaze+whey+protein&store=hlc%2Fetg%2F1rx&srno=s_1_17&otracker=search&fm=organic&iid=d791e902-f5eb-49e0-9aaa-6d3160dae1fd.PSLFFN96NBXVFGF5.SEARCH&ppt=None&ppn=None&ssid=molxwo7qdc0000001663394383118&qH=a7a9812079cbe3ef
"MUSCLEBLAZE Beginner's Whey Protein, No Added Sugar Whey Protein","1,249",https://rukminim1.flixcart.com/image/416/416/kvvad8w0/protein-supplement/d/t/y/whey-protein-beginner-s-protein-nut5609-05-muscleblaze-original-imag8z52f6s6fr2t.jpeg?q=70,https://www.flipkart.com/muscleblaze-beginner-s-whey-protein-no-added-sugar-protein/p/itm71fd90bcd0cf2?pid=PSLFZ2TCT3XHJ59Y&lid=LSTPSLFZ2TCT3XHJ59YGDHTGA&marketplace=FLIPKART&q=muscleblaze+whey+protein&store=hlc%2Fetg%2F1rx&srno=s_2_63&otracker=search&fm=organic&iid=c6e5f737-a423-4981-9a93-3f5adf6ae3c4.PSLFZ2TCT3XHJ59Y.SEARCH&ppt=None&ppn=None&ssid=ghq99o3oqo0000001663394386532&qH=a7a9812079cbe3ef
"MUSCLEBLAZE Beginner's Whey Protein, No Added Sugar Whey Protein","1,249",https://rukminim1.flixcart.com/image/416/416/kvvad8w0/protein-supplement/3/r/c/whey-protein-beginner-s-whey-protein-supplement-nut5609-07-original-imag8z5ff9uq9gyx.jpeg?q=70,https://www.flipkart.com/muscleblaze-beginner-s-whey-protein-no-added-sugar-protein/p/itm0cde7b1e5465c?pid=PSLGFQFGHVKUSXRM&lid=LSTPSLGFQFGHVKUSXRMFE9HBE&marketplace=FLIPKART&q=muscleblaze+whey+protein&store=hlc%2Fetg%2F1rx&srno=s_1_23&otracker=search&fm=organic&iid=96e1047c-d9cb-4600-beb6-45ab61197d87.PSLGFQFGHVKUSXRM.SEARCH&ppt=None&ppn=None&ssid=w62hq8iva80000001663394388214&qH=a7a9812079cbe3ef
"MUSCLEBLAZE Beginner's Whey Protein, No Added Sugar Whey Protein","1,249",https://rukminim1.flixcart.com/image/416/416/ksgehzk0/protein-supplement/z/q/h/whey-protein-beginner-s-nut5609-01-muscleblaze-original-imag6yq3wnh4nkxh.jpeg?q=70,https://www.flipkart.com/muscleblaze-beginner-s-whey-protein-no-added-sugar-protein/p/itm26b168053b721?pid=PSLFFN96NBXVFGF5&lid=LSTPSLFFN96NBXVFGF5YK4GIM&marketplace=FLIPKART&q=muscleblaze+whey+protein&store=hlc%2Fetg%2F1rx&srno=s_1_17&otracker=search&fm=organic&iid=96e1047c-d9cb-4600-beb6-45ab61197d87.PSLFFN96NBXVFGF5.SEARCH&ppt=None&ppn=None&ssid=w62hq8iva80000001663394388214&qH=a7a9812079cbe3ef
"MUSCLEBLAZE Beginner's Whey Protein, No Added Sugar Whey Protein","1,249",https://rukminim1.flixcart.com/image/416/416/kvvad8w0/protein-supplement/3/r/c/whey-protein-beginner-s-whey-protein-supplement-nut5609-07-original-imag8z5ff9uq9gyx.jpeg?q=70,https://www.flipkart.com/muscleblaze-beginner-s-whey-protein-no-added-sugar-protein/p/itm0cde7b1e5465c?pid=PSLGFQFGHVKUSXRM&lid=LSTPSLGFQFGHVKUSXRMFE9HBE&marketplace=FLIPKART&q=muscleblaze+whey+protein&store=hlc%2Fetg%2F1rx&srno=s_1_23&otracker=search&fm=organic&iid=d791e902-f5eb-49e0-9aaa-6d3160dae1fd.PSLGFQFGHVKUSXRM.SEARCH&ppt=None&ppn=None&ssid=molxwo7qdc0000001663394383118&qH=a7a9812079cbe3ef
"MUSCLEBLAZE Fuel One Whey Protein, 24 g Protein, 5.29 BCAA, 4.2 g Glutamic Acid (30 Servings) Whey Protein","1,098",https://rukminim1.flixcart.com/image/416/416/kdj4xow0/protein-supplement/2/6/v/fuel-one-mass-gainer-immunity-750g-chocolate-flavour-nut6885-01-original-imafuetm9zhzrnzf.jpeg?q=70,https://www.flipkart.com/muscleblaze-fuel-one-whey-protein-24-g-5-29-bcaa-4-2-glutamic-acid-30-servings-protein/p/itmc7f5e56f84205?pid=PSLG6ASE6BZH4NSG&lid=LSTPSLG6ASE6BZH4NSGJF3LLS&marketplace=FLIPKART&q=muscleblaze+whey+protein&store=hlc%2Fetg%2F1rx&srno=s_1_9&otracker=search&fm=organic&iid=d791e902-f5eb-49e0-9aaa-6d3160dae1fd.PSLG6ASE6BZH4NSG.SEARCH&ppt=None&ppn=None&ssid=molxwo7qdc0000001663394383118&qH=a7a9812079cbe3ef
"MUSCLEBLAZE Fuel One Whey Protein, 24 g Protein, 5.29 BCAA, 4.2 g Glutamic Acid (30 Servings) Whey Protein","1,098",https://rukminim1.flixcart.com/image/416/416/kdj4xow0/protein-supplement/2/6/v/fuel-one-mass-gainer-immunity-750g-chocolate-flavour-nut6885-01-original-imafuetm9zhzrnzf.jpeg?q=70,https://www.flipkart.com/muscleblaze-fuel-one-whey-protein-24-g-5-29-bcaa-4-2-glutamic-acid-30-servings-protein/p/itmc7f5e56f84205?pid=PSLG6ASE6BZH4NSG&lid=LSTPSLG6ASE6BZH4NSGJF3LLS&marketplace=FLIPKART&q=muscleblaze+whey+protein&store=hlc%2Fetg%2F1rx&srno=s_1_9&otracker=search&fm=organic&iid=96e1047c-d9cb-4600-beb6-45ab61197d87.PSLG6ASE6BZH4NSG.SEARCH&ppt=None&ppn=None&ssid=w62hq8iva80000001663394388214&qH=a7a9812079cbe3ef
"MUSCLEBLAZE Beginner's Whey Protein, No Added Sugar Whey Protein",949,https://rukminim1.flixcart.com/image/416/416/kzegk280/protein-supplement/w/i/a/whey-protein-beginner-s-whey-protein-no-added-sugar-muscle-original-imagbff6vzshkhyw.jpeg?q=70,https://www.flipkart.com/muscleblaze-beginner-s-whey-protein-no-added-sugar-protein/p/itm31b6e9c99847f?pid=PSLGBFF7KYBNXZ9H&lid=LSTPSLGBFF7KYBNXZ9HGTM9TK&marketplace=FLIPKART&q=muscleblaze+whey+protein&store=hlc%2Fetg%2F1rx&srno=s_1_18&otracker=search&fm=organic&iid=d791e902-f5eb-49e0-9aaa-6d3160dae1fd.PSLGBFF7KYBNXZ9H.SEARCH&ppt=None&ppn=None&ssid=molxwo7qdc0000001663394383118&qH=a7a9812079cbe3ef
"MUSCLEBLAZE Fuel One Beginner's Protein, 12 g (Chocolate / 1 kg) Whey Protein",949,https://rukminim1.flixcart.com/image/416/416/kdj4xow0/protein-supplement/2/6/v/fuel-one-mass-gainer-immunity-750g-chocolate-flavour-nut6885-01-original-imafuetm9zhzrnzf.jpeg?q=70,https://www.flipkart.com/muscleblaze-fuel-one-beginner-s-protein-12-g-chocolate-1-kg-whey-protein/p/itm78dd7ed95ceca?pid=PSLGFHNHUFYR4BXH&lid=LSTPSLGFHNHUFYR4BXHFZZQRO&marketplace=FLIPKART&q=muscleblaze+whey+protein&store=hlc%2Fetg%2F1rx&srno=s_1_19&otracker=search&fm=organic&iid=d791e902-f5eb-49e0-9aaa-6d3160dae1fd.PSLGFHNHUFYR4BXH.SEARCH&ppt=None&ppn=None&ssid=molxwo7qdc0000001663394383118&qH=a7a9812079cbe3ef
"MUSCLEBLAZE Fuel One Whey Protein, 5.29 g BCAA, 4.2 g Glutamic Acid Whey Protein",949,https://rukminim1.flixcart.com/image/416/416/l3hmwsw0/protein-supplement/3/i/r/whey-protein-fuel-one-whey-protein-immunity-24-g-protein-5-29-original-imagehf2bwhanw8v.jpeg?q=70,https://www.flipkart.com/muscleblaze-fuel-one-whey-protein-5-29-g-bcaa-4-2-glutamic-acid-protein/p/itm263d0ddd587f0?pid=PSLG42NDB9FN9TXY&lid=LSTPSLG42NDB9FN9TXYST2HB5&marketplace=FLIPKART&q=muscleblaze+whey+protein&store=hlc%2Fetg%2F1rx&srno=s_1_40&otracker=search&fm=organic&iid=d791e902-f5eb-49e0-9aaa-6d3160dae1fd.PSLG42NDB9FN9TXY.SEARCH&ppt=None&ppn=None&ssid=molxwo7qdc0000001663394383118&qH=a7a9812079cbe3ef
"MUSCLEBLAZE Fuel One Beginner's Protein, 12 g (Chocolate / 1 kg) Whey Protein",949,https://rukminim1.flixcart.com/image/416/416/kdj4xow0/protein-supplement/2/6/v/fuel-one-mass-gainer-immunity-750g-chocolate-flavour-nut6885-01-original-imafuetm9zhzrnzf.jpeg?q=70,https://www.flipkart.com/muscleblaze-fuel-one-beginner-s-protein-12-g-chocolate-1-kg-whey-protein/p/itm78dd7ed95ceca?pid=PSLGFHNHUFYR4BXH&lid=LSTPSLGFHNHUFYR4BXHFZZQRO&marketplace=FLIPKART&q=muscleblaze+whey+protein&store=hlc%2Fetg%2F1rx&srno=s_1_19&otracker=search&fm=organic&iid=96e1047c-d9cb-4600-beb6-45ab61197d87.PSLGFHNHUFYR4BXH.SEARCH&ppt=None&ppn=None&ssid=w62hq8iva80000001663394388214&qH=a7a9812079cbe3ef
"MUSCLEBLAZE Beginner's Whey Protein, No Added Sugar Whey Protein",949,https://rukminim1.flixcart.com/image/416/416/kzegk280/protein-supplement/w/i/a/whey-protein-beginner-s-whey-protein-no-added-sugar-muscle-original-imagbff6vzshkhyw.jpeg?q=70,https://www.flipkart.com/muscleblaze-beginner-s-whey-protein-no-added-sugar-protein/p/itm31b6e9c99847f?pid=PSLGBFF7KYBNXZ9H&lid=LSTPSLGBFF7KYBNXZ9HGTM9TK&marketplace=FLIPKART&q=muscleblaze+whey+protein&store=hlc%2Fetg%2F1rx&srno=s_1_18&otracker=search&fm=organic&iid=96e1047c-d9cb-4600-beb6-45ab61197d87.PSLGBFF7KYBNXZ9H.SEARCH&ppt=None&ppn=None&ssid=w62hq8iva80000001663394388214&qH=a7a9812079cbe3ef
"MUSCLEBLAZE Fuel One Whey Protein, 5.29 g BCAA, 4.2 g Glutamic Acid Whey Protein",949,https://rukminim1.flixcart.com/image/416/416/l3hmwsw0/protein-supplement/3/i/r/whey-protein-fuel-one-whey-protein-immunity-24-g-protein-5-29-original-imagehf2bwhanw8v.jpeg?q=70,https://www.flipkart.com/muscleblaze-fuel-one-whey-protein-5-29-g-bcaa-4-2-glutamic-acid-protein/p/itm263d0ddd587f0?pid=PSLG42NDB9FN9TXY&lid=LSTPSLG42NDB9FN9TXYST2HB5&marketplace=FLIPKART&q=muscleblaze+whey+protein&store=hlc%2Fetg%2F1rx&srno=s_2_41&otracker=search&fm=organic&iid=c6e5f737-a423-4981-9a93-3f5adf6ae3c4.PSLG42NDB9FN9TXY.SEARCH&ppt=None&ppn=None&ssid=ghq99o3oqo0000001663394386532&qH=a7a9812079cbe3ef
"MUSCLEBLAZE Fuel One Whey Protein Raw, 24 g Protein, 5.29 BCAA, 4.2 g Glutamic Acid Whey Protein",944,https://rukminim1.flixcart.com/image/416/416/kdj4xow0/protein-supplement/2/6/v/fuel-one-mass-gainer-immunity-750g-chocolate-flavour-nut6885-01-original-imafuetm9zhzrnzf.jpeg?q=70,https://www.flipkart.com/muscleblaze-fuel-one-whey-protein-raw-24-g-protein-5-29-bcaa-4-2-glutamic-acid/p/itmc6c3e44262801?pid=PSLG6ASEFHYFQPWW&lid=LSTPSLG6ASEFHYFQPWWO67V2S&marketplace=FLIPKART&q=muscleblaze+whey+protein&store=hlc%2Fetg%2F1rx&srno=s_1_7&otracker=search&fm=organic&iid=d791e902-f5eb-49e0-9aaa-6d3160dae1fd.PSLG6ASEFHYFQPWW.SEARCH&ppt=None&ppn=None&ssid=molxwo7qdc0000001663394383118&qH=a7a9812079cbe3ef
"MUSCLEBLAZE Fuel One Whey Protein Raw, 24 g Protein, 5.29 BCAA, 4.2 g Glutamic Acid Whey Protein",944,https://rukminim1.flixcart.com/image/416/416/kdj4xow0/protein-supplement/2/6/v/fuel-one-mass-gainer-immunity-750g-chocolate-flavour-nut6885-01-original-imafuetm9zhzrnzf.jpeg?q=70,https://www.flipkart.com/muscleblaze-fuel-one-whey-protein-raw-24-g-protein-5-29-bcaa-4-2-glutamic-acid/p/itmc6c3e44262801?pid=PSLG6ASEFHYFQPWW&lid=LSTPSLG6ASEFHYFQPWWO67V2S&marketplace=FLIPKART&q=muscleblaze+whey+protein&store=hlc%2Fetg%2F1rx&srno=s_1_7&otracker=search&fm=organic&iid=96e1047c-d9cb-4600-beb6-45ab61197d87.PSLG6ASEFHYFQPWW.SEARCH&ppt=None&ppn=None&ssid=w62hq8iva80000001663394388214&qH=a7a9812079cbe3ef
"MUSCLEBLAZE Raw Whey Protein Concentrate 80% with Digestive Enzymes, Labdoor USA Certified Whey Protein",799,https://rukminim1.flixcart.com/image/416/416/kq5iykw0/protein-supplement/s/a/6/raw-whey-protein-concentrate-80-with-added-digestive-enzymes-8-original-imag48a2nmxpwhw6.jpeg?q=70,https://www.flipkart.com/muscleblaze-raw-whey-protein-concentrate-80-digestive-enzymes-labdoor-usa-certified/p/itm0d804eb6b1219?pid=PSLG48AEGMFGPFTS&lid=LSTPSLG48AEGMFGPFTSWXO9JS&marketplace=FLIPKART&q=muscleblaze+whey+protein&store=hlc%2Fetg%2F1rx&srno=s_2_76&otracker=search&fm=organic&iid=c6e5f737-a423-4981-9a93-3f5adf6ae3c4.PSLG48AEGMFGPFTS.SEARCH&ppt=None&ppn=None&ssid=ghq99o3oqo0000001663394386532&qH=a7a9812079cbe3ef
"MUSCLEBLAZE Raw Whey Protein Concentrate 80% with Digestive Enzymes, Labdoor USA Certified Whey Protein",740,https://rukminim1.flixcart.com/image/416/416/jyeq64w0/protein-supplement/y/t/y/raw-nut4919-04-muscleblaze-original-imafg8y6dbhkpwqg.jpeg?q=70,https://www.flipkart.com/muscleblaze-raw-whey-protein-concentrate-80-digestive-enzymes-labdoor-usa-certified/p/itm8d0249f1c62ef?pid=PSLFGHVQETU8NYTY&lid=LSTPSLFGHVQETU8NYTYFWTFGV&marketplace=FLIPKART&q=muscleblaze+whey+protein&store=hlc%2Fetg%2F1rx&srno=s_1_3&otracker=search&fm=organic&iid=96e1047c-d9cb-4600-beb6-45ab61197d87.PSLFGHVQETU8NYTY.SEARCH&ppt=None&ppn=None&ssid=w62hq8iva80000001663394388214&qH=a7a9812079cbe3ef
"MUSCLEBLAZE Raw Whey Protein Concentrate 80% with Digestive Enzymes, Labdoor USA Certified Whey Protein",740,https://rukminim1.flixcart.com/image/416/416/jyeq64w0/protein-supplement/y/t/y/raw-nut4919-04-muscleblaze-original-imafg8y6dbhkpwqg.jpeg?q=70,https://www.flipkart.com/muscleblaze-raw-whey-protein-concentrate-80-digestive-enzymes-labdoor-usa-certified/p/itm8d0249f1c62ef?pid=PSLFGHVQETU8NYTY&lid=LSTPSLFGHVQETU8NYTYFWTFGV&marketplace=FLIPKART&q=muscleblaze+whey+protein&store=hlc%2Fetg%2F1rx&srno=s_1_3&otracker=search&fm=organic&iid=d791e902-f5eb-49e0-9aaa-6d3160dae1fd.PSLFGHVQETU8NYTY.SEARCH&ppt=None&ppn=None&ssid=molxwo7qdc0000001663394383118&qH=a7a9812079cbe3ef
"MUSCLEBLAZE Fuel One Sports Protein, Triple Action Blend for Stamina, Recovery & Strength Whey Protein",599,https://rukminim1.flixcart.com/image/416/416/l41n2q80/protein-supplement/3/y/f/whey-protein-fuel-one-sports-protein-15-g-whey-protein-chocolate-original-imagff9athfsgxdy.jpeg?q=70,https://www.flipkart.com/muscleblaze-fuel-one-sports-protein-triple-action-blend-stamina-recovery-strength-whey-protein/p/itmb2ff2d637a513?pid=PSLGFF9AHG32AYYV&lid=LSTPSLGFF9AHG32AYYVFU6NJX&marketplace=FLIPKART&q=muscleblaze+whey+protein&store=hlc%2Fetg%2F1rx&srno=s_1_6&otracker=search&fm=organic&iid=d791e902-f5eb-49e0-9aaa-6d3160dae1fd.PSLGFF9AHG32AYYV.SEARCH&ppt=None&ppn=None&ssid=molxwo7qdc0000001663394383118&qH=a7a9812079cbe3ef
"MUSCLEBLAZE Fuel One Sports Protein, Triple Action Blend for Stamina, Recovery & Strength Whey Protein",599,https://rukminim1.flixcart.com/image/416/416/l41n2q80/protein-supplement/3/y/f/whey-protein-fuel-one-sports-protein-15-g-whey-protein-chocolate-original-imagff9athfsgxdy.jpeg?q=70,https://www.flipkart.com/muscleblaze-fuel-one-sports-protein-triple-action-blend-stamina-recovery-strength-whey-protein/p/itmb2ff2d637a513?pid=PSLGFF9AHG32AYYV&lid=LSTPSLGFF9AHG32AYYVFU6NJX&marketplace=FLIPKART&q=muscleblaze+whey+protein&store=hlc%2Fetg%2F1rx&srno=s_1_6&otracker=search&fm=organic&iid=96e1047c-d9cb-4600-beb6-45ab61197d87.PSLGFF9AHG32AYYV.SEARCH&ppt=None&ppn=None&ssid=w62hq8iva80000001663394388214&qH=a7a9812079cbe3ef
MUSCLEBLAZE Beginner's Whey Protein,503,https://rukminim1.flixcart.com/image/416/416/kvvad8w0/protein-supplement/l/o/q/whey-protein-beginner-s-nut5609-01-muscleblaze-original-imag8z587jxrjgpv.jpeg?q=70,https://www.flipkart.com/muscleblaze-beginner-s-whey-protein/p/itmf3kct5tythx6d?pid=PSLFFN96CS4HATDY&lid=LSTPSLFFN96CS4HATDYMQXLMR&marketplace=FLIPKART&q=muscleblaze+whey+protein&store=hlc%2Fetg%2F1rx&spotlightTagId=BestsellerId_hlc%2Fetg%2F1rx&srno=s_1_4&otracker=search&fm=organic&iid=96e1047c-d9cb-4600-beb6-45ab61197d87.PSLFFN96CS4HATDY.SEARCH&ppt=None&ppn=None&ssid=w62hq8iva80000001663394388214&qH=a7a9812079cbe3ef
MUSCLEBLAZE Beginner's Whey Protein,503,https://rukminim1.flixcart.com/image/416/416/kvvad8w0/protein-supplement/l/o/q/whey-protein-beginner-s-nut5609-01-muscleblaze-original-imag8z587jxrjgpv.jpeg?q=70,https://www.flipkart.com/muscleblaze-beginner-s-whey-protein/p/itmf3kct5tythx6d?pid=PSLFFN96CS4HATDY&lid=LSTPSLFFN96CS4HATDYMQXLMR&marketplace=FLIPKART&q=muscleblaze+whey+protein&store=hlc%2Fetg%2F1rx&spotlightTagId=BestsellerId_hlc%2Fetg%2F1rx&srno=s_1_4&otracker=search&fm=organic&iid=d791e902-f5eb-49e0-9aaa-6d3160dae1fd.PSLFFN96CS4HATDY.SEARCH&ppt=None&ppn=None&ssid=molxwo7qdc0000001663394383118&qH=a7a9812079cbe3ef
